scenario,customer_id,product,historical_mean,z,group,assumed_natural_probability,assumed_contact_probability,assumed_incremental_probability
positive,CUST02345,Loom,15.0,0.9963768115942029,priority,0.05,0.34945652173913044,0.29945652173913045
positive,CUST00676,Loom,14.25,0.9891304347826086,priority,0.05,0.34836956521739126,0.2983695652173913
positive,CUST02462,Loom,6.5,-0.8115942028985508,comparison,0.05,0.0782608695652174,0.028260869565217395
positive,CUST04737,Loom,9.25,0.03623188405797095,comparison,0.05,0.20543478260869566,0.15543478260869564
positive,CUST01867,Trello,15.25,0.9965517241379311,priority,0.05,0.34948275862068967,0.2994827586206897
positive,CUST00215,Trello,14.75,0.9896551724137932,priority,0.05,0.34844827586206895,0.29844827586206896
positive,CUST06014,Trello,11.0,0.5103448275862068,comparison,0.05,0.27655172413793105,0.22655172413793107
positive,CUST08210,Trello,11.0,0.5103448275862068,comparison,0.05,0.27655172413793105,0.22655172413793107
positive,CUST02688,Bitbucket,15.5,0.995850622406639,priority,0.05,0.34937759336099583,0.29937759336099584
positive,CUST00272,Bitbucket,14.75,0.9875518672199171,priority,0.05,0.34813278008298754,0.29813278008298755
positive,CUST04294,Bitbucket,10.75,0.15352697095435675,comparison,0.05,0.2230290456431535,0.17302904564315352
positive,CUST01957,Bitbucket,9.75,-0.2157676348547718,comparison,0.05,0.16763485477178425,0.11763485477178424
positive,CUST00719,Confluence,15.25,0.9969604863221884,priority,0.05,0.34954407294832823,0.29954407294832824
positive,CUST05352,Confluence,15.0,0.9878419452887539,priority,0.05,0.3481762917933131,0.2981762917933131
positive,CUST06181,Confluence,8.5,-0.4893617021276596,comparison,0.05,0.12659574468085105,0.07659574468085105
positive,CUST04206,Confluence,9.25,-0.23100303951367784,comparison,0.05,0.16534954407294833,0.11534954407294833
positive,CUST07120,Jira,18.0,0.9967105263157894,priority,0.05,0.3495065789473684,0.29950657894736843
positive,CUST00515,Jira,16.75,0.9901315789473684,priority,0.05,0.34851973684210524,0.29851973684210525
positive,CUST03449,Jira,6.0,-0.9506578947368421,comparison,0.05,0.05740131578947369,0.007401315789473686
positive,CUST06341,Jira,12.25,0.730263157894737,comparison,0.05,0.30953947368421053,0.25953947368421054
unrelated,CUST02345,Loom,15.0,0.9963768115942029,priority,0.05,0.2,0.15000000000000002
unrelated,CUST00676,Loom,14.25,0.9891304347826086,priority,0.05,0.2,0.15000000000000002
unrelated,CUST02462,Loom,6.5,-0.8115942028985508,comparison,0.05,0.2,0.15000000000000002
unrelated,CUST04737,Loom,9.25,0.03623188405797095,comparison,0.05,0.2,0.15000000000000002
unrelated,CUST01867,Trello,15.25,0.9965517241379311,priority,0.05,0.2,0.15000000000000002
unrelated,CUST00215,Trello,14.75,0.9896551724137932,priority,0.05,0.2,0.15000000000000002
unrelated,CUST06014,Trello,11.0,0.5103448275862068,comparison,0.05,0.2,0.15000000000000002
unrelated,CUST08210,Trello,11.0,0.5103448275862068,comparison,0.05,0.2,0.15000000000000002
unrelated,CUST02688,Bitbucket,15.5,0.995850622406639,priority,0.05,0.2,0.15000000000000002
unrelated,CUST00272,Bitbucket,14.75,0.9875518672199171,priority,0.05,0.2,0.15000000000000002
unrelated,CUST04294,Bitbucket,10.75,0.15352697095435675,comparison,0.05,0.2,0.15000000000000002
unrelated,CUST01957,Bitbucket,9.75,-0.2157676348547718,comparison,0.05,0.2,0.15000000000000002
unrelated,CUST00719,Confluence,15.25,0.9969604863221884,priority,0.05,0.2,0.15000000000000002
unrelated,CUST05352,Confluence,15.0,0.9878419452887539,priority,0.05,0.2,0.15000000000000002
unrelated,CUST06181,Confluence,8.5,-0.4893617021276596,comparison,0.05,0.2,0.15000000000000002
unrelated,CUST04206,Confluence,9.25,-0.23100303951367784,comparison,0.05,0.2,0.15000000000000002
unrelated,CUST07120,Jira,18.0,0.9967105263157894,priority,0.05,0.2,0.15000000000000002
unrelated,CUST00515,Jira,16.75,0.9901315789473684,priority,0.05,0.2,0.15000000000000002
unrelated,CUST03449,Jira,6.0,-0.9506578947368421,comparison,0.05,0.2,0.15000000000000002
unrelated,CUST06341,Jira,12.25,0.730263157894737,comparison,0.05,0.2,0.15000000000000002
negative,CUST02345,Loom,15.0,0.9963768115942029,priority,0.05,0.05054347826086958,0.000543478260869576
negative,CUST00676,Loom,14.25,0.9891304347826086,priority,0.05,0.05163043478260873,0.0016304347826087279
negative,CUST02462,Loom,6.5,-0.8115942028985508,comparison,0.05,0.32173913043478264,0.27173913043478265
negative,CUST04737,Loom,9.25,0.03623188405797095,comparison,0.05,0.19456521739130436,0.14456521739130435
negative,CUST01867,Trello,15.25,0.9965517241379311,priority,0.05,0.05051724137931035,0.0005172413793103486
negative,CUST00215,Trello,14.75,0.9896551724137932,priority,0.05,0.05155172413793105,0.001551724137931046
negative,CUST06014,Trello,11.0,0.5103448275862068,comparison,0.05,0.123448275862069,0.07344827586206899
negative,CUST08210,Trello,11.0,0.5103448275862068,comparison,0.05,0.123448275862069,0.07344827586206899
negative,CUST02688,Bitbucket,15.5,0.995850622406639,priority,0.05,0.050622406639004164,0.000622406639004161
negative,CUST00272,Bitbucket,14.75,0.9875518672199171,priority,0.05,0.05186721991701246,0.0018672199170124554
negative,CUST04294,Bitbucket,10.75,0.15352697095435675,comparison,0.05,0.1769709543568465,0.12697095435684652
negative,CUST01957,Bitbucket,9.75,-0.2157676348547718,comparison,0.05,0.23236514522821577,0.18236514522821579
negative,CUST00719,Confluence,15.25,0.9969604863221884,priority,0.05,0.05045592705167176,0.00045592705167175895
negative,CUST05352,Confluence,15.0,0.9878419452887539,priority,0.05,0.05182370820668694,0.0018237082066869387
negative,CUST06181,Confluence,8.5,-0.4893617021276596,comparison,0.05,0.27340425531914897,0.22340425531914898
negative,CUST04206,Confluence,9.25,-0.23100303951367784,comparison,0.05,0.2346504559270517,0.1846504559270517
negative,CUST07120,Jira,18.0,0.9967105263157894,priority,0.05,0.050493421052631604,0.0004934210526316013
negative,CUST00515,Jira,16.75,0.9901315789473684,priority,0.05,0.05148026315789475,0.0014802631578947484
negative,CUST03449,Jira,6.0,-0.9506578947368421,comparison,0.05,0.3425986842105263,0.2925986842105263
negative,CUST06341,Jira,12.25,0.730263157894737,comparison,0.05,0.09046052631578948,0.040460526315789475
natural_conversion_trap,CUST02345,Loom,15.0,0.9963768115942029,priority,0.3194565217391304,0.34945652173913044,0.030000000000000027
natural_conversion_trap,CUST00676,Loom,14.25,0.9891304347826086,priority,0.31836956521739124,0.34836956521739126,0.030000000000000027
natural_conversion_trap,CUST02462,Loom,6.5,-0.8115942028985508,comparison,0.0482608695652174,0.0782608695652174,0.03
natural_conversion_trap,CUST04737,Loom,9.25,0.03623188405797095,comparison,0.17543478260869566,0.20543478260869566,0.03
natural_conversion_trap,CUST01867,Trello,15.25,0.9965517241379311,priority,0.31948275862068964,0.34948275862068967,0.030000000000000027
natural_conversion_trap,CUST00215,Trello,14.75,0.9896551724137932,priority,0.3184482758620689,0.34844827586206895,0.030000000000000027
natural_conversion_trap,CUST06014,Trello,11.0,0.5103448275862068,comparison,0.24655172413793106,0.27655172413793105,0.03
natural_conversion_trap,CUST08210,Trello,11.0,0.5103448275862068,comparison,0.24655172413793106,0.27655172413793105,0.03
natural_conversion_trap,CUST02688,Bitbucket,15.5,0.995850622406639,priority,0.3193775933609958,0.34937759336099583,0.030000000000000027
natural_conversion_trap,CUST00272,Bitbucket,14.75,0.9875518672199171,priority,0.3181327800829875,0.34813278008298754,0.030000000000000027
natural_conversion_trap,CUST04294,Bitbucket,10.75,0.15352697095435675,comparison,0.1930290456431535,0.2230290456431535,0.03
natural_conversion_trap,CUST01957,Bitbucket,9.75,-0.2157676348547718,comparison,0.13763485477178425,0.16763485477178425,0.03
natural_conversion_trap,CUST00719,Confluence,15.25,0.9969604863221884,priority,0.3195440729483282,0.34954407294832823,0.030000000000000027
natural_conversion_trap,CUST05352,Confluence,15.0,0.9878419452887539,priority,0.3181762917933131,0.3481762917933131,0.030000000000000027
natural_conversion_trap,CUST06181,Confluence,8.5,-0.4893617021276596,comparison,0.09659574468085105,0.12659574468085105,0.03
natural_conversion_trap,CUST04206,Confluence,9.25,-0.23100303951367784,comparison,0.13534954407294833,0.16534954407294833,0.03
natural_conversion_trap,CUST07120,Jira,18.0,0.9967105263157894,priority,0.31950657894736845,0.3495065789473684,0.02999999999999997
natural_conversion_trap,CUST00515,Jira,16.75,0.9901315789473684,priority,0.3185197368421052,0.34851973684210524,0.030000000000000027
natural_conversion_trap,CUST03449,Jira,6.0,-0.9506578947368421,comparison,0.02740131578947369,0.05740131578947369,0.03
natural_conversion_trap,CUST06341,Jira,12.25,0.730263157894737,comparison,0.2795394736842105,0.30953947368421053,0.030000000000000027
