scenario,contribution,contact_cost,screening_cost,priority_profit,ordinary_profit,priority_advantage
positive,50,0,0,149.45070877071893,69.31745395460982,80.13325481610912
positive,50,0,20,129.45070877071893,69.31745395460982,60.133254816109115
positive,50,0,50,99.45070877071893,69.31745395460982,30.133254816109115
positive,50,0,100,49.45070877071893,69.31745395460982,-19.866745183890885
positive,50,0,200,-50.54929122928107,69.31745395460982,-119.86674518389088
positive,50,5,0,99.45070877071893,19.317453954609817,80.13325481610912
positive,50,5,20,79.45070877071893,19.317453954609817,60.133254816109115
positive,50,5,50,49.45070877071893,19.317453954609817,30.133254816109115
positive,50,5,100,-0.5492912292810672,19.317453954609817,-19.866745183890885
positive,50,5,200,-100.54929122928107,19.317453954609817,-119.86674518389088
positive,50,10,0,49.45070877071893,-30.682546045390183,80.13325481610912
positive,50,10,20,29.450708770718933,-30.682546045390183,60.133254816109115
positive,50,10,50,-0.5492912292810672,-30.682546045390183,30.133254816109115
positive,50,10,100,-50.54929122928107,-30.682546045390183,-19.866745183890885
positive,50,10,200,-150.54929122928107,-30.682546045390183,-119.86674518389088
positive,50,20,0,-50.54929122928107,-130.68254604539018,80.13325481610912
positive,50,20,20,-70.54929122928107,-130.68254604539018,60.133254816109115
positive,50,20,50,-100.54929122928107,-130.68254604539018,30.133254816109115
positive,50,20,100,-150.54929122928107,-130.68254604539018,-19.866745183890885
positive,50,20,200,-250.54929122928107,-130.68254604539018,-119.86674518389088
positive,50,30,0,-150.54929122928107,-230.68254604539018,80.13325481610912
positive,50,30,20,-170.54929122928107,-230.68254604539018,60.133254816109115
positive,50,30,50,-200.54929122928107,-230.68254604539018,30.133254816109115
positive,50,30,100,-250.54929122928107,-230.68254604539018,-19.866745183890885
positive,50,30,200,-350.54929122928104,-230.68254604539018,-119.86674518389086
positive,100,0,0,298.90141754143787,138.63490790921963,160.26650963221823
positive,100,0,20,278.90141754143787,138.63490790921963,140.26650963221823
positive,100,0,50,248.90141754143787,138.63490790921963,110.26650963221823
positive,100,0,100,198.90141754143787,138.63490790921963,60.26650963221823
positive,100,0,200,98.90141754143787,138.63490790921963,-39.73349036778177
positive,100,5,0,248.90141754143787,88.63490790921963,160.26650963221823
positive,100,5,20,228.90141754143787,88.63490790921963,140.26650963221823
positive,100,5,50,198.90141754143787,88.63490790921963,110.26650963221823
positive,100,5,100,148.90141754143787,88.63490790921963,60.26650963221823
positive,100,5,200,48.901417541437866,88.63490790921963,-39.73349036778177
positive,100,10,0,198.90141754143787,38.634907909219635,160.26650963221823
positive,100,10,20,178.90141754143787,38.634907909219635,140.26650963221823
positive,100,10,50,148.90141754143787,38.634907909219635,110.26650963221823
positive,100,10,100,98.90141754143787,38.634907909219635,60.26650963221823
positive,100,10,200,-1.0985824585621344,38.634907909219635,-39.73349036778177
positive,100,20,0,98.90141754143787,-61.365092090780365,160.26650963221823
positive,100,20,20,78.90141754143787,-61.365092090780365,140.26650963221823
positive,100,20,50,48.901417541437866,-61.365092090780365,110.26650963221823
positive,100,20,100,-1.0985824585621344,-61.365092090780365,60.26650963221823
positive,100,20,200,-101.09858245856213,-61.365092090780365,-39.73349036778177
positive,100,30,0,-1.0985824585621344,-161.36509209078037,160.26650963221823
positive,100,30,20,-21.098582458562134,-161.36509209078037,140.26650963221823
positive,100,30,50,-51.098582458562134,-161.36509209078037,110.26650963221823
positive,100,30,100,-101.09858245856213,-161.36509209078037,60.26650963221823
positive,100,30,200,-201.09858245856213,-161.36509209078037,-39.73349036778177
positive,200,0,0,597.8028350828757,277.26981581843927,320.53301926443646
positive,200,0,20,577.8028350828757,277.26981581843927,300.53301926443646
positive,200,0,50,547.8028350828757,277.26981581843927,270.53301926443646
positive,200,0,100,497.80283508287573,277.26981581843927,220.53301926443646
positive,200,0,200,397.80283508287573,277.26981581843927,120.53301926443646
positive,200,5,0,547.8028350828757,227.26981581843927,320.53301926443646
positive,200,5,20,527.8028350828757,227.26981581843927,300.53301926443646
positive,200,5,50,497.80283508287573,227.26981581843927,270.53301926443646
positive,200,5,100,447.80283508287573,227.26981581843927,220.53301926443646
positive,200,5,200,347.80283508287573,227.26981581843927,120.53301926443646
positive,200,10,0,497.80283508287573,177.26981581843927,320.53301926443646
positive,200,10,20,477.80283508287573,177.26981581843927,300.53301926443646
positive,200,10,50,447.80283508287573,177.26981581843927,270.53301926443646
positive,200,10,100,397.80283508287573,177.26981581843927,220.53301926443646
positive,200,10,200,297.80283508287573,177.26981581843927,120.53301926443646
positive,200,20,0,397.80283508287573,77.26981581843927,320.53301926443646
positive,200,20,20,377.80283508287573,77.26981581843927,300.53301926443646
positive,200,20,50,347.80283508287573,77.26981581843927,270.53301926443646
positive,200,20,100,297.80283508287573,77.26981581843927,220.53301926443646
positive,200,20,200,197.80283508287573,77.26981581843927,120.53301926443646
positive,200,30,0,297.80283508287573,-22.73018418156073,320.53301926443646
positive,200,30,20,277.80283508287573,-22.73018418156073,300.53301926443646
positive,200,30,50,247.80283508287573,-22.73018418156073,270.53301926443646
positive,200,30,100,197.80283508287573,-22.73018418156073,220.53301926443646
positive,200,30,200,97.80283508287573,-22.73018418156073,120.53301926443646
unrelated,50,0,0,75.0,75.0,0.0
unrelated,50,0,20,55.0,75.0,-20.0
unrelated,50,0,50,25.0,75.0,-50.0
unrelated,50,0,100,-25.0,75.0,-100.0
unrelated,50,0,200,-125.0,75.0,-200.0
unrelated,50,5,0,25.0,25.0,0.0
unrelated,50,5,20,5.0,25.0,-20.0
unrelated,50,5,50,-25.0,25.0,-50.0
unrelated,50,5,100,-75.0,25.0,-100.0
unrelated,50,5,200,-175.0,25.0,-200.0
unrelated,50,10,0,-25.0,-25.0,0.0
unrelated,50,10,20,-45.0,-25.0,-20.0
unrelated,50,10,50,-75.0,-25.0,-50.0
unrelated,50,10,100,-125.0,-25.0,-100.0
unrelated,50,10,200,-225.0,-25.0,-200.0
unrelated,50,20,0,-125.0,-125.0,0.0
unrelated,50,20,20,-145.0,-125.0,-20.0
unrelated,50,20,50,-175.0,-125.0,-50.0
unrelated,50,20,100,-225.0,-125.0,-100.0
unrelated,50,20,200,-325.0,-125.0,-200.0
unrelated,50,30,0,-225.0,-225.0,0.0
unrelated,50,30,20,-245.0,-225.0,-20.0
unrelated,50,30,50,-275.0,-225.0,-50.0
unrelated,50,30,100,-325.0,-225.0,-100.0
unrelated,50,30,200,-425.0,-225.0,-200.0
unrelated,100,0,0,150.0,150.0,0.0
unrelated,100,0,20,130.0,150.0,-20.0
unrelated,100,0,50,100.0,150.0,-50.0
unrelated,100,0,100,50.0,150.0,-100.0
unrelated,100,0,200,-50.0,150.0,-200.0
unrelated,100,5,0,100.0,100.0,0.0
unrelated,100,5,20,80.0,100.0,-20.0
unrelated,100,5,50,50.0,100.0,-50.0
unrelated,100,5,100,0.0,100.0,-100.0
unrelated,100,5,200,-100.0,100.0,-200.0
unrelated,100,10,0,50.0,50.0,0.0
unrelated,100,10,20,30.0,50.0,-20.0
unrelated,100,10,50,0.0,50.0,-50.0
unrelated,100,10,100,-50.0,50.0,-100.0
unrelated,100,10,200,-150.0,50.0,-200.0
unrelated,100,20,0,-50.0,-50.0,0.0
unrelated,100,20,20,-70.0,-50.0,-20.0
unrelated,100,20,50,-100.0,-50.0,-50.0
unrelated,100,20,100,-150.0,-50.0,-100.0
unrelated,100,20,200,-250.0,-50.0,-200.0
unrelated,100,30,0,-150.0,-150.0,0.0
unrelated,100,30,20,-170.0,-150.0,-20.0
unrelated,100,30,50,-200.0,-150.0,-50.0
unrelated,100,30,100,-250.0,-150.0,-100.0
unrelated,100,30,200,-350.0,-150.0,-200.0
unrelated,200,0,0,300.0,300.0,0.0
unrelated,200,0,20,280.0,300.0,-20.0
unrelated,200,0,50,250.0,300.0,-50.0
unrelated,200,0,100,200.0,300.0,-100.0
unrelated,200,0,200,100.0,300.0,-200.0
unrelated,200,5,0,250.0,250.0,0.0
unrelated,200,5,20,230.0,250.0,-20.0
unrelated,200,5,50,200.0,250.0,-50.0
unrelated,200,5,100,150.0,250.0,-100.0
unrelated,200,5,200,50.0,250.0,-200.0
unrelated,200,10,0,200.0,200.0,0.0
unrelated,200,10,20,180.0,200.0,-20.0
unrelated,200,10,50,150.0,200.0,-50.0
unrelated,200,10,100,100.0,200.0,-100.0
unrelated,200,10,200,0.0,200.0,-200.0
unrelated,200,20,0,100.0,100.0,0.0
unrelated,200,20,20,80.0,100.0,-20.0
unrelated,200,20,50,50.0,100.0,-50.0
unrelated,200,20,100,0.0,100.0,-100.0
unrelated,200,20,200,-100.0,100.0,-200.0
unrelated,200,30,0,0.0,0.0,0.0
unrelated,200,30,20,-20.0,0.0,-20.0
unrelated,200,30,50,-50.0,0.0,-50.0
unrelated,200,30,100,-100.0,0.0,-100.0
unrelated,200,30,200,-200.0,0.0,-200.0
negative,50,0,0,0.5492912292810681,80.6825460453902,-80.13325481610913
negative,50,0,20,-19.450708770718933,80.6825460453902,-100.13325481610913
negative,50,0,50,-49.45070877071893,80.6825460453902,-130.13325481610912
negative,50,0,100,-99.45070877071893,80.6825460453902,-180.13325481610912
negative,50,0,200,-199.45070877071893,80.6825460453902,-280.1332548161091
negative,50,5,0,-49.45070877071893,30.682546045390197,-80.13325481610913
negative,50,5,20,-69.45070877071893,30.682546045390197,-100.13325481610913
negative,50,5,50,-99.45070877071893,30.682546045390197,-130.13325481610912
negative,50,5,100,-149.45070877071893,30.682546045390197,-180.13325481610912
negative,50,5,200,-249.45070877071893,30.682546045390197,-280.1332548161091
negative,50,10,0,-99.45070877071893,-19.317453954609803,-80.13325481610913
negative,50,10,20,-119.45070877071893,-19.317453954609803,-100.13325481610913
negative,50,10,50,-149.45070877071893,-19.317453954609803,-130.13325481610912
negative,50,10,100,-199.45070877071893,-19.317453954609803,-180.13325481610912
negative,50,10,200,-299.45070877071896,-19.317453954609803,-280.1332548161092
negative,50,20,0,-199.45070877071893,-119.3174539546098,-80.13325481610913
negative,50,20,20,-219.45070877071893,-119.3174539546098,-100.13325481610913
negative,50,20,50,-249.45070877071893,-119.3174539546098,-130.13325481610912
negative,50,20,100,-299.45070877071896,-119.3174539546098,-180.13325481610917
negative,50,20,200,-399.45070877071896,-119.3174539546098,-280.1332548161092
negative,50,30,0,-299.4507087707189,-219.3174539546098,-80.13325481610912
negative,50,30,20,-319.4507087707189,-219.3174539546098,-100.13325481610912
negative,50,30,50,-349.4507087707189,-219.3174539546098,-130.13325481610912
negative,50,30,100,-399.4507087707189,-219.3174539546098,-180.13325481610912
negative,50,30,200,-499.4507087707189,-219.3174539546098,-280.1332548161091
negative,100,0,0,1.0985824585621362,161.3650920907804,-160.26650963221826
negative,100,0,20,-18.901417541437866,161.3650920907804,-180.26650963221826
negative,100,0,50,-48.901417541437866,161.3650920907804,-210.26650963221826
negative,100,0,100,-98.90141754143787,161.3650920907804,-260.26650963221823
negative,100,0,200,-198.90141754143787,161.3650920907804,-360.26650963221823
negative,100,5,0,-48.901417541437866,111.3650920907804,-160.26650963221826
negative,100,5,20,-68.90141754143787,111.3650920907804,-180.26650963221826
negative,100,5,50,-98.90141754143787,111.3650920907804,-210.26650963221826
negative,100,5,100,-148.90141754143787,111.3650920907804,-260.26650963221823
negative,100,5,200,-248.90141754143787,111.3650920907804,-360.26650963221823
negative,100,10,0,-98.90141754143787,61.365092090780394,-160.26650963221826
negative,100,10,20,-118.90141754143787,61.365092090780394,-180.26650963221826
negative,100,10,50,-148.90141754143787,61.365092090780394,-210.26650963221826
negative,100,10,100,-198.90141754143787,61.365092090780394,-260.26650963221823
negative,100,10,200,-298.90141754143787,61.365092090780394,-360.26650963221823
negative,100,20,0,-198.90141754143787,-38.634907909219606,-160.26650963221826
negative,100,20,20,-218.90141754143787,-38.634907909219606,-180.26650963221826
negative,100,20,50,-248.90141754143787,-38.634907909219606,-210.26650963221826
negative,100,20,100,-298.90141754143787,-38.634907909219606,-260.26650963221823
negative,100,20,200,-398.90141754143787,-38.634907909219606,-360.26650963221823
negative,100,30,0,-298.90141754143787,-138.6349079092196,-160.26650963221826
negative,100,30,20,-318.90141754143787,-138.6349079092196,-180.26650963221826
negative,100,30,50,-348.90141754143787,-138.6349079092196,-210.26650963221826
negative,100,30,100,-398.90141754143787,-138.6349079092196,-260.26650963221823
negative,100,30,200,-498.90141754143787,-138.6349079092196,-360.26650963221823
negative,200,0,0,2.1971649171242724,322.7301841815608,-320.5330192644365
negative,200,0,20,-17.802835082875728,322.7301841815608,-340.5330192644365
negative,200,0,50,-47.80283508287573,322.7301841815608,-370.5330192644365
negative,200,0,100,-97.80283508287573,322.7301841815608,-420.5330192644365
negative,200,0,200,-197.80283508287573,322.7301841815608,-520.5330192644365
negative,200,5,0,-47.80283508287573,272.7301841815608,-320.5330192644365
negative,200,5,20,-67.80283508287573,272.7301841815608,-340.5330192644365
negative,200,5,50,-97.80283508287573,272.7301841815608,-370.5330192644365
negative,200,5,100,-147.80283508287573,272.7301841815608,-420.5330192644365
negative,200,5,200,-247.80283508287573,272.7301841815608,-520.5330192644365
negative,200,10,0,-97.80283508287573,222.7301841815608,-320.5330192644365
negative,200,10,20,-117.80283508287573,222.7301841815608,-340.5330192644365
negative,200,10,50,-147.80283508287573,222.7301841815608,-370.5330192644365
negative,200,10,100,-197.80283508287573,222.7301841815608,-420.5330192644365
negative,200,10,200,-297.80283508287573,222.7301841815608,-520.5330192644365
negative,200,20,0,-197.80283508287573,122.73018418156079,-320.5330192644365
negative,200,20,20,-217.80283508287573,122.73018418156079,-340.5330192644365
negative,200,20,50,-247.80283508287573,122.73018418156079,-370.5330192644365
negative,200,20,100,-297.80283508287573,122.73018418156079,-420.5330192644365
negative,200,20,200,-397.80283508287573,122.73018418156079,-520.5330192644365
negative,200,30,0,-297.80283508287573,22.730184181560787,-320.5330192644365
negative,200,30,20,-317.80283508287573,22.730184181560787,-340.5330192644365
negative,200,30,50,-347.80283508287573,22.730184181560787,-370.5330192644365
negative,200,30,100,-397.80283508287573,22.730184181560787,-420.5330192644365
negative,200,30,200,-497.80283508287573,22.730184181560787,-520.5330192644365
natural_conversion_trap,50,0,0,15.00000000000001,15.000000000000002,8.881784197001252e-15
natural_conversion_trap,50,0,20,-4.999999999999989,15.000000000000002,-19.999999999999993
natural_conversion_trap,50,0,50,-34.999999999999986,15.000000000000002,-49.999999999999986
natural_conversion_trap,50,0,100,-84.99999999999999,15.000000000000002,-99.99999999999999
natural_conversion_trap,50,0,200,-185.0,15.000000000000002,-200.0
natural_conversion_trap,50,5,0,-34.999999999999986,-35.0,1.4210854715202004e-14
natural_conversion_trap,50,5,20,-54.999999999999986,-35.0,-19.999999999999986
natural_conversion_trap,50,5,50,-84.99999999999999,-35.0,-49.999999999999986
natural_conversion_trap,50,5,100,-135.0,-35.0,-100.0
natural_conversion_trap,50,5,200,-235.0,-35.0,-200.0
natural_conversion_trap,50,10,0,-84.99999999999999,-85.0,1.4210854715202004e-14
natural_conversion_trap,50,10,20,-104.99999999999999,-85.0,-19.999999999999986
natural_conversion_trap,50,10,50,-135.0,-85.0,-50.0
natural_conversion_trap,50,10,100,-185.0,-85.0,-100.0
natural_conversion_trap,50,10,200,-285.0,-85.0,-200.0
natural_conversion_trap,50,20,0,-185.0,-185.0,0.0
natural_conversion_trap,50,20,20,-205.0,-185.0,-20.0
natural_conversion_trap,50,20,50,-235.0,-185.0,-50.0
natural_conversion_trap,50,20,100,-285.0,-185.0,-100.0
natural_conversion_trap,50,20,200,-385.0,-185.0,-200.0
natural_conversion_trap,50,30,0,-285.0,-285.0,0.0
natural_conversion_trap,50,30,20,-305.0,-285.0,-20.0
natural_conversion_trap,50,30,50,-335.0,-285.0,-50.0
natural_conversion_trap,50,30,100,-385.0,-285.0,-100.0
natural_conversion_trap,50,30,200,-485.0,-285.0,-200.0
natural_conversion_trap,100,0,0,30.00000000000002,30.000000000000004,1.7763568394002505e-14
natural_conversion_trap,100,0,20,10.000000000000021,30.000000000000004,-19.999999999999982
natural_conversion_trap,100,0,50,-19.99999999999998,30.000000000000004,-49.999999999999986
natural_conversion_trap,100,0,100,-69.99999999999997,30.000000000000004,-99.99999999999997
natural_conversion_trap,100,0,200,-169.99999999999997,30.000000000000004,-199.99999999999997
natural_conversion_trap,100,5,0,-19.99999999999998,-19.999999999999996,1.7763568394002505e-14
natural_conversion_trap,100,5,20,-39.99999999999998,-19.999999999999996,-19.999999999999982
natural_conversion_trap,100,5,50,-69.99999999999997,-19.999999999999996,-49.99999999999997
natural_conversion_trap,100,5,100,-119.99999999999997,-19.999999999999996,-99.99999999999997
natural_conversion_trap,100,5,200,-219.99999999999997,-19.999999999999996,-199.99999999999997
natural_conversion_trap,100,10,0,-69.99999999999997,-70.0,2.842170943040401e-14
natural_conversion_trap,100,10,20,-89.99999999999997,-70.0,-19.99999999999997
natural_conversion_trap,100,10,50,-119.99999999999997,-70.0,-49.99999999999997
natural_conversion_trap,100,10,100,-169.99999999999997,-70.0,-99.99999999999997
natural_conversion_trap,100,10,200,-270.0,-70.0,-200.0
natural_conversion_trap,100,20,0,-169.99999999999997,-170.0,2.842170943040401e-14
natural_conversion_trap,100,20,20,-189.99999999999997,-170.0,-19.99999999999997
natural_conversion_trap,100,20,50,-219.99999999999997,-170.0,-49.99999999999997
natural_conversion_trap,100,20,100,-270.0,-170.0,-100.0
natural_conversion_trap,100,20,200,-370.0,-170.0,-200.0
natural_conversion_trap,100,30,0,-270.0,-270.0,0.0
natural_conversion_trap,100,30,20,-290.0,-270.0,-20.0
natural_conversion_trap,100,30,50,-320.0,-270.0,-50.0
natural_conversion_trap,100,30,100,-370.0,-270.0,-100.0
natural_conversion_trap,100,30,200,-470.0,-270.0,-200.0
natural_conversion_trap,200,0,0,60.00000000000004,60.00000000000001,3.552713678800501e-14
natural_conversion_trap,200,0,20,40.00000000000004,60.00000000000001,-19.999999999999964
natural_conversion_trap,200,0,50,10.000000000000043,60.00000000000001,-49.999999999999964
natural_conversion_trap,200,0,100,-39.99999999999996,60.00000000000001,-99.99999999999997
natural_conversion_trap,200,0,200,-139.99999999999994,60.00000000000001,-199.99999999999994
natural_conversion_trap,200,5,0,10.000000000000043,10.000000000000007,3.552713678800501e-14
natural_conversion_trap,200,5,20,-9.999999999999957,10.000000000000007,-19.999999999999964
natural_conversion_trap,200,5,50,-39.99999999999996,10.000000000000007,-49.999999999999964
natural_conversion_trap,200,5,100,-89.99999999999996,10.000000000000007,-99.99999999999997
natural_conversion_trap,200,5,200,-189.99999999999994,10.000000000000007,-199.99999999999994
natural_conversion_trap,200,10,0,-39.99999999999996,-39.99999999999999,3.552713678800501e-14
natural_conversion_trap,200,10,20,-59.99999999999996,-39.99999999999999,-19.999999999999964
natural_conversion_trap,200,10,50,-89.99999999999996,-39.99999999999999,-49.999999999999964
natural_conversion_trap,200,10,100,-139.99999999999994,-39.99999999999999,-99.99999999999994
natural_conversion_trap,200,10,200,-239.99999999999994,-39.99999999999999,-199.99999999999994
natural_conversion_trap,200,20,0,-139.99999999999994,-140.0,5.684341886080802e-14
natural_conversion_trap,200,20,20,-159.99999999999994,-140.0,-19.999999999999943
natural_conversion_trap,200,20,50,-189.99999999999994,-140.0,-49.99999999999994
natural_conversion_trap,200,20,100,-239.99999999999994,-140.0,-99.99999999999994
natural_conversion_trap,200,20,200,-339.99999999999994,-140.0,-199.99999999999994
natural_conversion_trap,200,30,0,-239.99999999999994,-240.0,5.684341886080802e-14
natural_conversion_trap,200,30,20,-259.99999999999994,-240.0,-19.999999999999943
natural_conversion_trap,200,30,50,-289.99999999999994,-240.0,-49.99999999999994
natural_conversion_trap,200,30,100,-339.99999999999994,-240.0,-99.99999999999994
natural_conversion_trap,200,30,200,-439.99999999999994,-240.0,-199.99999999999994
