customer_id,product,historical_mean,z,group
CUST02345,Loom,15.0,0.9963768115942029,priority
CUST00676,Loom,14.25,0.9891304347826086,priority
CUST02462,Loom,6.5,-0.8115942028985508,comparison
CUST04737,Loom,9.25,0.03623188405797095,comparison
CUST01867,Trello,15.25,0.9965517241379311,priority
CUST00215,Trello,14.75,0.9896551724137932,priority
CUST06014,Trello,11.0,0.5103448275862068,comparison
CUST08210,Trello,11.0,0.5103448275862068,comparison
CUST02688,Bitbucket,15.5,0.995850622406639,priority
CUST00272,Bitbucket,14.75,0.9875518672199171,priority
CUST04294,Bitbucket,10.75,0.15352697095435675,comparison
CUST01957,Bitbucket,9.75,-0.2157676348547718,comparison
CUST00719,Confluence,15.25,0.9969604863221884,priority
CUST05352,Confluence,15.0,0.9878419452887539,priority
CUST06181,Confluence,8.5,-0.4893617021276596,comparison
CUST04206,Confluence,9.25,-0.23100303951367784,comparison
CUST07120,Jira,18.0,0.9967105263157894,priority
CUST00515,Jira,16.75,0.9901315789473684,priority
CUST03449,Jira,6.0,-0.9506578947368421,comparison
CUST06341,Jira,12.25,0.730263157894737,comparison
