ticket_id,source_row,ticket_type,subject,resolution
5919,5920,Billing inquiry,Payment issue,Wish board same manage mission.
4875,4876,Billing inquiry,Data loss,Idea study name within half majority care practice.
2638,2639,Refund request,Display issue,Blue individual ground large power that.
4832,4833,Cancellation request,Loading issue,Ask man day notice.
2267,2268,Product inquiry,Integration,Western leg involve.
4898,4899,Product inquiry,Display issue,Show buy whatever everybody.
4463,4464,Product inquiry,Product compatibility,Bar you hundred discuss charge.
6891,6892,Product inquiry,Loading issue,Office five environment.
5939,5940,Product inquiry,Installation support,Art money time some cultural.
3827,3828,Billing inquiry,Product compatibility,Cover the social free process.
6536,6537,Cancellation request,Email delivery problem,Major capital else you spend community let.
3424,3425,Cancellation request,Installation support,Throw decide painting attack indicate run happen.
1604,1605,Technical issue,Loading issue,Manage two suddenly miss affect certainly spend.
7687,7688,Cancellation request,Software bug,Two back pass first.
2411,2412,Technical issue,Software bug,World section science relate debate number.
6863,6864,Product inquiry,Product recommendation,
7412,7413,Refund request,Cancellation request,
6635,6636,Technical issue,Display issue,
3943,3944,Billing inquiry,Email delivery problem,
5917,5918,Product inquiry,Product setup,
