customer_id,ticket_id,split
CUST05256,7413,train
CUST06918,230,train
CUST04976,2802,train
CUST06281,2031,train
CUST01316,2801,train
CUST04654,260,train
CUST00828,5164,train
CUST05158,350,train
CUST00502,7645,train
CUST02728,7550,train
CUST03545,6411,train
CUST01142,3854,train
CUST07799,3066,train
CUST07225,3708,train
CUST07881,7136,train
CUST01969,4265,train
CUST01350,1866,train
CUST04860,7528,train
CUST04808,6267,train
CUST02175,4620,train
CUST06203,3748,train
CUST02438,486,train
CUST07381,7595,train
CUST01728,2161,train
CUST02078,3274,train
CUST02901,1711,train
CUST01153,3360,train
CUST02727,8415,train
CUST03335,5447,train
CUST03622,8290,train
CUST04776,8312,train
CUST07428,7107,train
CUST08021,5538,train
CUST06867,493,train
CUST01260,2130,train
CUST02387,1596,train
CUST07965,877,train
CUST03891,4426,train
CUST04814,1333,train
CUST01480,7280,train
CUST00322,858,train
CUST01347,1885,train
CUST02182,5446,train
CUST00460,2956,train
CUST03558,6500,train
CUST01952,1316,train
CUST03606,7143,train
CUST07199,2829,train
CUST04769,6983,train
CUST03604,622,train
CUST03067,3370,train
CUST01088,3961,train
CUST00205,6666,train
CUST07991,5823,train
CUST07476,1336,train
CUST03880,1033,train
CUST03663,1118,train
CUST07582,4152,train
CUST05729,5636,train
CUST01602,7619,train
CUST06642,3413,train
CUST03236,484,train
CUST00109,4012,train
CUST05046,7677,train
CUST01566,1493,train
CUST00184,6922,train
CUST07772,4269,train
CUST03610,723,train
CUST02575,7091,train
CUST02618,5962,train
CUST07104,2222,train
CUST07442,5029,train
CUST00244,2651,train
CUST01052,4730,train
CUST07142,2929,train
CUST08180,7930,train
CUST05686,5298,train
CUST06681,5075,train
CUST01322,251,train
CUST00342,4383,train
CUST04673,5103,train
CUST04184,3583,train
CUST07831,5628,train
CUST03446,6205,train
CUST01514,5128,train
CUST05684,3572,train
CUST03428,6778,train
CUST00652,3693,train
CUST04362,2404,train
CUST01361,199,train
CUST05506,323,train
CUST03850,221,train
CUST05913,8016,train
CUST03440,6946,train
CUST04829,6497,train
CUST02385,1468,train
CUST00877,8389,train
CUST01484,3390,train
CUST06915,755,train
CUST01558,7520,train
CUST06092,184,train
CUST08075,525,train
CUST02010,3650,train
CUST04011,5358,train
CUST04557,7512,train
CUST05817,6143,train
CUST03521,1031,train
CUST05753,6568,train
CUST05520,2442,train
CUST00790,4078,train
CUST08073,5292,train
CUST08189,7649,train
CUST00791,3063,train
CUST06768,4891,train
CUST02694,6415,train
CUST02562,1762,train
CUST00637,3585,train
CUST03437,2361,train
CUST00392,6723,train
CUST03548,2129,train
CUST08216,8176,train
CUST07471,1918,train
CUST07652,7457,train
CUST02450,5504,train
CUST04075,2811,train
CUST00741,5,train
CUST05650,5803,train
CUST07354,6691,train
CUST03672,6330,train
CUST00257,1992,train
CUST06421,4491,train
CUST06853,2591,train
CUST03093,2557,train
CUST00462,3561,train
CUST03414,3391,train
CUST02499,4530,train
CUST08109,6621,train
CUST02360,7647,train
CUST00620,5224,train
CUST05052,3889,train
CUST00947,6023,train
CUST01531,7121,train
CUST04653,3771,train
CUST07263,7975,train
CUST03415,2373,train
CUST06055,340,train
CUST07686,5456,train
CUST05770,3867,train
CUST00185,568,train
CUST04033,7002,train
CUST02568,3554,train
CUST04626,4666,train
CUST02550,3601,train
CUST01510,2247,train
CUST05942,8104,train
CUST04507,7648,train
CUST01164,6528,train
CUST03573,2687,train
CUST04869,5443,train
CUST05329,7948,train
CUST00450,7402,train
CUST03061,8377,train
CUST03295,129,train
CUST05277,3955,train
CUST03938,7506,train
CUST01980,1010,train
CUST01509,3396,train
CUST06526,266,train
CUST00283,3918,train
CUST02820,307,train
CUST02833,4622,train
CUST06540,3970,train
CUST03319,333,train
CUST00774,8148,train
CUST06375,237,train
CUST07648,4931,train
CUST07098,1314,train
CUST04392,4384,train
CUST02362,1417,train
CUST05946,3382,train
CUST02623,1383,train
CUST06089,5685,train
CUST02733,2454,train
CUST07919,1783,train
CUST04261,1070,train
CUST04933,3800,train
CUST04930,15,train
CUST06238,1836,train
CUST00804,7813,train
CUST06027,955,train
CUST05903,5514,train
CUST06929,1332,train
CUST02990,7072,train
CUST02934,4976,train
CUST07474,5240,train
CUST07963,5168,train
CUST00346,3053,train
CUST00618,2086,train
CUST04231,1715,train
CUST04119,1670,train
CUST07557,3045,train
CUST03174,4603,train
CUST00114,1641,train
CUST07344,6366,train
CUST08270,8188,train
CUST00435,6815,train
CUST05789,4934,train
CUST07171,3750,train
CUST06611,5848,train
CUST06862,923,train
CUST02426,3793,train
CUST04531,5614,train
CUST00598,5468,train
CUST01815,5041,train
CUST07348,7569,train
CUST04414,2808,train
CUST02935,4137,train
CUST07656,5920,train
CUST08272,3180,train
CUST04143,4736,train
CUST03734,2402,train
CUST07303,1064,train
CUST00170,7266,train
CUST07657,3137,train
CUST02547,4693,train
CUST00060,3860,train
CUST07374,6631,train
CUST07351,242,train
CUST07048,1009,train
CUST06946,881,train
CUST03316,3864,train
CUST05024,5453,train
CUST00489,6835,train
CUST01560,5043,train
CUST01421,2740,train
CUST04355,1813,train
CUST01871,6740,train
CUST07512,3909,train
CUST00501,3668,train
CUST07722,438,train
CUST06117,1906,train
CUST01023,2248,train
CUST07778,381,train
CUST01345,189,train
CUST04372,1743,train
CUST05206,1765,train
CUST06816,2905,train
CUST08195,908,train
CUST03370,5829,train
CUST06500,597,train
CUST07538,6456,train
CUST02512,2413,train
CUST08164,3541,train
CUST04266,5671,train
CUST06937,6435,train
CUST00986,2612,train
CUST02170,847,train
CUST01093,3698,train
CUST06316,7573,train
CUST00998,7495,train
CUST00291,4131,train
CUST02754,4871,train
CUST00045,5228,train
CUST06031,8170,train
CUST06542,5620,train
CUST04534,6055,train
CUST06392,4501,train
CUST07158,4779,train
CUST03227,658,train
CUST07829,3195,train
CUST05312,1127,train
CUST00474,3728,train
CUST00421,7779,train
CUST01044,2488,train
CUST00956,343,train
CUST04105,3262,train
CUST01408,721,train
CUST01768,4478,train
CUST03202,2322,train
CUST02533,1867,train
CUST06437,8239,train
CUST06113,3796,train
CUST01447,6412,train
CUST04065,621,train
CUST07839,6712,train
CUST07872,3385,train
CUST03535,5429,train
CUST03838,366,train
CUST00175,2679,train
CUST05771,1199,train
CUST03337,2345,train
CUST05556,684,train
CUST00151,1035,train
CUST07338,5153,train
CUST02254,4816,train
CUST08048,6053,train
CUST00879,1594,train
CUST03211,4601,train
CUST07267,3739,train
CUST02665,1320,train
CUST07222,4036,train
CUST04916,3669,train
CUST07464,1484,train
CUST04003,4676,train
CUST05891,912,train
CUST00954,7666,train
CUST06641,3958,train
CUST00245,1092,train
CUST04805,1277,train
CUST07453,8132,train
CUST00145,6868,train
CUST04694,6892,train
CUST07368,4909,train
CUST07269,5290,train
CUST07634,6312,train
CUST07434,2920,train
CUST04896,5248,train
CUST07536,5417,train
CUST06893,1898,train
CUST04282,404,train
CUST08038,5242,train
CUST06321,8044,train
CUST01401,2198,train
CUST04690,1939,train
CUST01462,4803,train
CUST01772,5149,train
CUST03658,7464,train
CUST04316,4858,train
CUST06367,773,train
CUST07539,3773,train
CUST03228,4967,train
CUST03199,20,train
CUST01221,2227,train
CUST02144,2935,train
CUST01559,8385,train
CUST05440,2587,train
CUST01190,5602,train
CUST05169,2580,train
CUST01177,6689,train
CUST00765,3179,train
CUST05658,7388,train
CUST01750,419,train
CUST03087,4920,train
CUST06444,8032,train
CUST05920,6402,train
CUST01197,7609,train
CUST02321,7635,train
CUST01062,2362,train
CUST02611,6294,train
CUST07873,5210,train
CUST01326,5190,train
CUST07593,2329,train
CUST01110,839,train
CUST01259,2410,train
CUST03462,1022,train
CUST03625,787,train
CUST04950,7745,train
CUST00636,4734,train
CUST04504,7662,train
CUST01743,4850,train
CUST06163,6599,train
CUST00755,2833,train
CUST04467,1805,train
CUST07205,2540,train
CUST00008,6151,train
CUST02923,3988,train
CUST02198,205,train
CUST02030,1766,train
CUST06859,2754,train
CUST07024,1584,train
CUST02296,7599,train
CUST01716,2989,train
CUST08074,7141,train
CUST05696,7700,train
CUST01140,1675,train
CUST07395,2493,train
CUST01388,7403,train
CUST02740,2699,train
CUST03080,8021,train
CUST07565,6146,train
CUST06462,330,train
CUST03557,4969,train
CUST06339,4562,train
CUST02632,7925,train
CUST03681,1922,train
CUST04276,7471,train
CUST04225,3002,train
CUST07397,135,train
CUST03800,4168,train
CUST00684,2102,train
CUST05178,6622,train
CUST04545,5718,train
CUST01698,5939,train
CUST06265,556,train
CUST00886,1527,train
CUST03362,2619,train
CUST01450,920,train
CUST01272,3859,train
CUST00323,6638,train
CUST00129,2646,train
CUST01198,2450,train
CUST05866,1574,train
CUST01244,2727,train
CUST05036,6544,train
CUST04088,7563,train
CUST02424,2372,train
CUST07750,2955,train
CUST01394,5900,train
CUST03859,7655,train
CUST04058,2104,train
CUST01803,6123,train
CUST01888,2661,train
CUST07094,6727,train
CUST07280,6028,train
CUST03842,3353,train
CUST03878,5912,train
CUST05712,8394,train
CUST06190,888,train
CUST03290,5012,train
CUST05557,1344,train
CUST02188,3197,train
CUST03209,141,train
CUST07555,4572,train
CUST00061,7504,train
CUST03458,4386,train
CUST04517,3949,train
CUST06909,5353,train
CUST01435,5476,train
CUST02524,3490,train
CUST06538,354,train
CUST02749,5731,train
CUST00582,396,train
CUST01314,1049,train
CUST03347,4778,train
CUST08202,2167,train
CUST07929,2486,train
CUST02006,6959,train
CUST04879,11,train
CUST05193,6833,train
CUST00063,679,train
CUST01963,7055,train
CUST02301,2439,train
CUST07389,674,train
CUST03922,6687,train
CUST01776,3920,train
CUST03513,1391,train
CUST00330,8420,train
CUST03643,7961,train
CUST00080,2422,train
CUST06431,8340,train
CUST05756,1862,train
CUST07645,3022,train
CUST06379,7909,train
CUST06807,3833,train
CUST04012,3624,train
CUST03711,7697,train
CUST01014,1615,train
CUST08024,7778,train
CUST04635,4357,train
CUST00770,628,train
CUST00399,6196,train
CUST01357,4267,train
CUST03291,2492,train
CUST02581,3,train
CUST01938,4017,train
CUST06019,6975,train
CUST05274,4474,train
CUST07588,3542,train
CUST06499,2064,train
CUST05361,2253,train
CUST06856,3424,train
CUST06803,5369,train
CUST03708,1130,train
CUST07215,8397,train
CUST02191,6024,train
CUST05950,6022,train
CUST02083,3519,train
CUST04212,6499,train
CUST04251,2816,train
CUST04812,7164,train
CUST08107,5676,train
CUST02272,3067,train
CUST05457,8295,train
CUST05057,3276,train
CUST03407,3911,train
CUST01049,2763,train
CUST02953,641,train
CUST04823,4081,train
CUST02563,3751,train
CUST02180,3388,train
CUST05001,3272,train
CUST04918,3230,train
CUST07096,1558,train
CUST02001,312,train
CUST07000,3914,train
CUST05513,8182,train
CUST07521,7795,train
CUST06951,5289,train
CUST01039,6085,train
CUST00628,6754,train
CUST03077,8323,train
CUST02891,5971,train
CUST00321,586,train
CUST06802,30,train
CUST07953,7190,train
CUST04973,4747,train
CUST01516,7315,train
CUST02338,4236,train
CUST02560,8269,train
CUST07086,4957,train
CUST00133,5011,train
CUST05340,4977,train
CUST03993,8091,train
CUST05032,4991,train
CUST04609,2671,train
CUST06314,1614,train
CUST02285,1007,train
CUST01307,3888,train
CUST06716,2135,train
CUST00499,471,train
CUST02739,4505,train
CUST08319,4914,train
CUST07057,6846,train
CUST07062,4885,train
CUST05231,7926,train
CUST04161,7757,train
CUST01688,2036,train
CUST05666,3835,train
CUST04902,7406,train
CUST02352,1504,train
CUST02112,3894,train
CUST03329,7592,train
CUST01407,6737,train
CUST04138,3580,train
CUST07664,1355,train
CUST06525,2208,train
CUST00488,3981,train
CUST06679,559,train
CUST00632,1488,train
CUST01829,3682,train
CUST02874,5237,train
CUST01685,1604,train
CUST03867,8053,train
CUST02037,1074,train
CUST02950,6897,train
CUST07874,6830,train
CUST06146,5886,train
CUST06599,6408,train
CUST00769,3356,train
CUST02040,2796,train
CUST02283,6316,train
CUST02351,864,train
CUST02574,2403,train
CUST05575,7378,train
CUST06016,799,train
CUST00216,2683,train
CUST01105,5687,train
CUST07114,361,train
CUST05013,3189,train
CUST03930,7057,train
CUST06459,3478,train
CUST04195,3133,train
CUST00613,2680,train
CUST00428,7264,train
CUST02606,2479,train
CUST08204,7106,train
CUST06449,1737,train
CUST04750,6072,train
CUST07187,2363,train
CUST02862,2315,train
CUST03877,7371,train
CUST01138,1307,train
CUST06732,8074,train
CUST00952,4020,train
CUST06687,2701,train
CUST07441,142,train
CUST06544,3294,train
CUST04848,1297,train
CUST08142,7432,train
CUST06887,5246,train
CUST00735,4124,train
CUST05049,6275,train
CUST04997,3484,train
CUST03233,950,train
CUST05612,6276,train
CUST07301,7434,train
CUST03152,5312,train
CUST05371,3405,train
CUST04081,5586,train
CUST05093,2347,train
CUST03482,6784,train
CUST01505,3298,train
CUST01103,6136,train
CUST04524,7204,train
CUST04710,3799,train
CUST00160,4039,train
CUST06781,42,train
CUST03726,5054,train
CUST01114,210,train
CUST01178,4997,train
CUST04284,4247,train
CUST02717,61,train
CUST07721,8262,train
CUST05357,1183,train
CUST07790,3896,train
CUST05610,475,train
CUST04113,5780,train
CUST00360,497,train
CUST03154,315,train
CUST05128,2639,train
CUST02081,1742,train
CUST02937,4389,train
CUST03358,2327,train
CUST04499,1209,train
CUST03817,3910,train
CUST04306,3079,train
CUST07078,3371,train
CUST05964,4440,train
CUST00056,2286,train
CUST05147,5120,train
CUST02897,1265,train
CUST07306,150,train
CUST01800,4656,train
CUST07980,6049,train
CUST00354,6595,train
CUST05843,2702,train
CUST03538,4689,train
CUST02700,6187,train
CUST05992,2976,train
CUST06295,5380,train
CUST03215,2857,train
CUST03293,2037,train
CUST04021,4380,train
CUST06410,643,train
CUST07605,227,train
CUST01706,6891,train
CUST00351,2629,train
CUST02842,7241,train
CUST07256,1998,train
CUST06091,4193,train
CUST05749,5247,train
CUST07964,605,train
CUST06766,3318,train
CUST06034,2097,train
CUST07388,6197,train
CUST05030,4399,train
CUST04872,6901,train
CUST00761,2840,train
CUST03763,7842,train
CUST04394,6046,train
CUST00935,6853,train
CUST02396,3791,train
CUST03353,5154,train
CUST08116,2850,train
CUST06524,7630,train
CUST00787,6957,train
CUST08197,4878,train
CUST03090,1808,train
CUST02534,67,train
CUST00531,8086,train
CUST08212,6342,train
CUST06457,6380,train
CUST03232,6603,train
CUST07984,405,train
CUST06849,1357,train
CUST04737,5630,train
CUST07136,1379,train
CUST05524,612,train
CUST03912,5806,train
CUST04964,2541,train
CUST05723,6993,train
CUST02293,8024,train
CUST07805,2985,train
CUST07454,7042,train
CUST05786,3009,train
CUST07022,5984,train
CUST05803,4282,train
CUST00316,7524,train
CUST07977,372,train
CUST00519,8281,train
CUST02122,7025,train
CUST06572,6907,train
CUST02735,5668,train
CUST00394,819,train
CUST04901,2378,train
CUST08293,3408,train
CUST01091,4593,train
CUST07967,8320,train
CUST05031,5113,train
CUST04206,1896,train
CUST04791,5293,train
CUST05331,5637,train
CUST03006,2652,train
CUST01931,4749,train
CUST07322,8427,train
CUST01476,3579,train
CUST04958,2872,train
CUST07166,8436,train
CUST07820,2705,train
CUST04340,5944,train
CUST00243,6376,train
CUST00824,7793,train
CUST03094,6998,train
CUST04087,6217,train
CUST06393,3337,train
CUST05828,7896,train
CUST00801,1428,train
CUST04345,5474,train
CUST08051,1692,train
CUST00198,4602,train
CUST00015,5704,train
CUST05083,1756,train
CUST04944,6201,train
CUST03057,2255,train
CUST06170,5144,train
CUST08105,4405,train
CUST03569,3145,train
CUST05324,109,train
CUST03783,2421,train
CUST02014,3032,train
CUST07569,896,train
CUST03314,2855,train
CUST07544,2155,train
CUST05401,4835,train
CUST02472,1710,train
CUST06852,7360,train
CUST01587,1663,train
CUST02683,8251,train
CUST08151,5388,train
CUST02569,3907,train
CUST06554,4722,train
CUST00105,6813,train
CUST02230,741,train
CUST02752,5042,train
CUST00176,1920,train
CUST05258,6750,train
CUST00251,7729,train
CUST08108,5643,train
CUST03158,4633,train
CUST05778,938,train
CUST00181,4517,train
CUST02331,63,train
CUST07541,7112,train
CUST03086,1883,train
CUST06522,1043,train
CUST06832,7198,train
CUST06171,5264,train
CUST04768,2023,train
CUST01812,4378,train
CUST00966,7521,train
CUST02742,4134,train
CUST04543,744,train
CUST00916,1966,train
CUST01840,3001,train
CUST04224,1654,train
CUST00261,6680,train
CUST01250,5732,train
CUST03408,3852,train
CUST01025,3000,train
CUST08124,7319,train
CUST00973,6057,train
CUST07350,4218,train
CUST02675,6634,train
CUST02624,6492,train
CUST06451,1296,train
CUST04260,7249,train
CUST05100,1102,train
CUST04140,7496,train
CUST04546,6451,train
CUST06588,4305,train
CUST01193,7080,train
CUST05596,934,train
CUST04728,1279,train
CUST07090,1919,train
CUST04917,3913,train
CUST06268,462,train
CUST00829,4711,train
CUST04358,914,train
CUST02160,6011,train
CUST00668,4898,train
CUST05435,6370,train
CUST06811,5025,train
CUST05584,1968,train
CUST06992,6198,train
CUST03923,4545,train
CUST00376,5807,train
CUST02827,3377,train
CUST00022,47,train
CUST04160,7970,train
CUST03250,3252,train
CUST07164,2881,train
CUST06722,954,train
CUST02028,7030,train
CUST02924,5853,train
CUST00905,6251,train
CUST03500,4706,train
CUST04636,1110,train
CUST01854,115,train
CUST07472,7103,train
CUST07424,1329,train
CUST06377,8433,train
CUST06494,6652,train
CUST01781,3041,train
CUST07556,1846,train
CUST04207,2767,train
CUST06607,8122,train
CUST06040,7064,train
CUST03035,7441,train
CUST03056,6323,train
CUST06614,708,train
CUST03252,3226,train
CUST02443,4238,train
CUST01169,807,train
CUST03052,2312,train
CUST02983,6194,train
CUST03235,1768,train
CUST05863,3848,train
CUST07955,1095,train
CUST04346,8330,train
CUST07898,645,train
CUST07445,1072,train
CUST06054,7676,train
CUST04526,7003,train
CUST06300,4400,train
CUST01508,705,train
CUST05349,3328,train
CUST06104,1629,train
CUST00745,5152,train
CUST06123,1457,train
CUST07235,3286,train
CUST08150,2703,train
CUST05353,1703,train
CUST06160,5342,train
CUST04302,8401,train
CUST05433,6116,train
CUST03412,6343,train
CUST01263,4665,train
CUST03819,569,train
CUST01099,374,train
CUST00192,456,train
CUST07946,3745,train
CUST02859,7098,train
CUST04602,4090,train
CUST06484,3426,train
CUST00347,2083,train
CUST06228,5918,train
CUST01167,8424,train
CUST06276,5723,train
CUST06622,176,train
CUST04402,8142,train
CUST04846,3837,train
CUST01081,4696,train
CUST02906,6683,train
CUST06456,4890,train
CUST08056,8304,train
CUST00422,3281,train
CUST02899,4361,train
CUST03170,5815,train
CUST02691,590,train
CUST04170,2156,train
CUST01945,3524,train
CUST03025,504,train
CUST03336,718,train
CUST05734,3618,train
CUST02605,3681,train
CUST02698,2314,train
CUST06980,1630,train
CUST05140,3347,train
CUST03502,5158,train
CUST06510,7517,train
CUST03790,3732,train
CUST01863,4005,train
CUST06531,6052,train
CUST04962,6646,train
CUST02808,3506,train
CUST05911,6133,train
CUST08055,3171,train
CUST05624,4214,train
CUST07006,442,train
CUST00146,5048,train
CUST04974,6117,train
CUST08026,271,train
CUST00452,318,train
CUST05867,4616,train
CUST04746,7491,train
CUST06135,2760,train
CUST00811,3559,train
CUST00159,3831,train
CUST06149,4340,train
CUST04528,3980,train
CUST03009,5646,train
CUST01248,749,train
CUST04474,4525,train
CUST05301,6660,train
CUST02322,8321,train
CUST00380,226,train
CUST05766,4453,train
CUST02955,6515,train
CUST03219,4910,train
CUST06224,2325,train
CUST05300,6185,train
CUST00630,1453,train
CUST02771,2649,train
CUST05969,4902,train
CUST03967,4201,train
CUST04488,3811,train
CUST04648,1188,train
CUST06048,3440,train
CUST02544,7945,train
CUST08132,5175,train
CUST02128,4275,train
CUST01455,5855,train
CUST00226,1612,train
CUST02753,353,train
CUST00278,7174,train
CUST03679,7765,train
CUST04885,5078,train
CUST08267,412,train
CUST08001,1445,train
CUST00753,7320,train
CUST05646,5772,train
CUST00256,2967,train
CUST06523,1011,train
CUST05409,1530,train
CUST05436,439,train
CUST02658,6607,train
CUST00427,5230,train
CUST04098,6212,train
CUST06470,8027,train
CUST01427,1680,train
CUST05874,7766,train
CUST07681,3999,train
CUST07626,6033,train
CUST01145,2398,train
CUST04242,3605,train
CUST07971,6965,train
CUST04777,8088,train
CUST02076,168,train
CUST00528,165,train
CUST01460,7625,train
CUST00115,6283,train
CUST05108,3014,train
CUST00638,4497,train
CUST04788,3868,train
CUST01687,796,train
CUST06124,918,train
CUST00259,4531,train
CUST03811,7693,train
CUST01905,7302,train
CUST03678,1166,train
CUST00878,2250,train
CUST05226,781,train
CUST07229,8045,train
CUST00475,6601,train
CUST07787,7686,train
CUST05297,5374,train
CUST00093,6882,train
CUST00493,5706,train
CUST05633,7005,train
CUST07151,7720,train
CUST00410,3951,train
CUST02089,7589,train
CUST03434,5368,train
CUST01880,3892,train
CUST06519,1487,train
CUST03843,6493,train
CUST08253,4433,train
CUST04521,6775,train
CUST03084,388,train
CUST03905,1306,train
CUST01778,6884,train
CUST08196,5320,train
CUST04448,7465,train
CUST07729,2246,train
CUST00179,8442,train
CUST08138,884,train
CUST04780,1358,train
CUST00988,1337,train
CUST02389,6262,train
CUST07028,6900,train
CUST00239,7340,train
CUST01151,4149,train
CUST05880,2200,train
CUST05485,2212,train
CUST03717,3471,train
CUST03216,6708,train
CUST07040,5612,train
CUST02993,4635,train
CUST03852,6310,train
CUST03026,7843,train
CUST05541,5684,train
CUST01320,7897,train
CUST07216,6529,train
CUST03674,5854,train
CUST07497,2860,train
CUST01130,2548,train
CUST04498,8392,train
CUST02860,7957,train
CUST04382,6910,train
CUST03861,4375,train
CUST04267,1400,train
CUST04016,7596,train
CUST06001,3046,train
CUST05601,581,train
CUST07089,7806,train
CUST04187,83,train
CUST02866,2875,train
CUST02328,2532,train
CUST06226,6406,train
CUST07203,371,train
CUST02302,5665,train
CUST04181,386,train
CUST06370,5840,train
CUST05271,1398,train
CUST07422,3235,train
CUST07945,4664,train
CUST05708,2753,train
CUST02148,162,train
CUST00845,305,train
CUST05285,3806,train
CUST03051,7919,train
CUST01526,3064,train
CUST02355,1213,train
CUST02653,3188,train
CUST07297,6018,train
CUST08185,3790,train
CUST03875,2637,train
CUST07524,5077,train
CUST04940,7604,train
CUST04020,3421,train
CUST05954,3511,train
CUST03108,8002,train
CUST07529,5187,train
CUST01233,8003,train
CUST05652,4434,train
CUST05551,7027,train
CUST04748,6780,train
CUST07460,1653,train
CUST01426,3882,train
CUST07934,4704,train
CUST03689,7137,train
CUST04177,6241,train
CUST03944,599,train
CUST02087,4244,train
CUST02075,1583,train
CUST06688,6419,train
CUST04677,6785,train
CUST05832,4485,train
CUST06096,195,train
CUST01106,6786,train
CUST00551,3861,train
CUST03629,2116,train
CUST04409,6078,train
CUST05284,2267,train
CUST08304,32,train
CUST03515,8036,train
CUST07290,5462,train
CUST05894,7372,train
CUST06871,2576,train
CUST06979,3549,train
CUST04684,5344,train
CUST02287,4103,train
CUST03997,7480,train
CUST00780,1602,train
CUST08315,3243,train
CUST03727,6769,train
CUST02561,4768,train
CUST07854,2730,train
CUST04833,1524,train
CUST06442,2622,train
CUST05363,702,train
CUST06425,7767,train
CUST01124,7239,train
CUST01196,7683,train
CUST05230,3906,train
CUST00082,5203,train
CUST00292,562,train
CUST07097,3192,train
CUST04804,440,train
CUST03024,3006,train
CUST08118,691,train
CUST03808,1190,train
CUST06230,3055,train
CUST05724,5436,train
CUST02399,4939,train
CUST07724,1278,train
CUST03910,1151,train
CUST04741,6027,train
CUST01759,7907,train
CUST06530,1978,train
CUST01626,8171,train
CUST03117,6149,train
CUST07359,1063,train
CUST07689,6977,train
CUST05105,3100,train
CUST01005,5810,train
CUST00779,1618,train
CUST03563,3341,train
CUST07515,4040,train
CUST06435,3433,train
CUST02347,4069,train
CUST00204,5461,train
CUST00088,3158,train
CUST02961,8384,train
CUST00430,7389,train
CUST01175,7328,train
CUST00585,7821,train
CUST00609,2125,train
CUST03519,6525,train
CUST05392,666,train
CUST01065,2338,train
CUST06158,4709,train
CUST02543,8128,train
CUST06914,6995,train
CUST03163,321,train
CUST04999,2823,train
CUST00768,7172,train
CUST03561,4416,train
CUST07291,6442,train
CUST02364,8468,train
CUST01919,3461,train
CUST01084,4924,train
CUST00984,3477,train
CUST00189,4903,train
CUST03135,7885,train
CUST02019,7486,train
CUST03876,7351,train
CUST02567,3996,train
CUST06574,409,train
CUST05145,855,train
CUST07553,3245,train
CUST01734,96,train
CUST07845,4818,train
CUST04782,7006,train
CUST00482,3545,train
CUST04754,535,train
CUST06044,777,train
CUST06469,655,train
CUST01855,8028,train
CUST03608,1652,train
CUST01875,6345,train
CUST06325,8238,train
CUST04365,712,train
CUST02101,729,train
CUST04479,7122,train
CUST06341,7661,train
CUST07775,6630,train
CUST03110,6155,train
CUST02864,8451,train
CUST07698,4302,train
CUST00580,151,train
CUST03007,5730,train
CUST03522,3081,train
CUST06563,4111,train
CUST02007,3186,train
CUST02333,1136,train
CUST04571,2589,train
CUST04001,2174,train
CUST08077,1373,train
CUST03719,1554,train
CUST00437,1782,train
CUST05223,3366,train
CUST01839,1536,train
CUST08007,2863,train
CUST01580,5106,train
CUST01422,76,train
CUST02015,1786,train
CUST08036,7195,train
CUST04169,87,train
CUST01420,351,train
CUST01235,6650,train
CUST07378,7052,train
CUST03028,565,train
CUST06654,7168,train
CUST02085,6202,train
CUST02342,6396,train
CUST03468,6333,train
CUST04178,927,train
CUST00926,7703,train
CUST08129,5601,train
CUST06155,7332,train
CUST07294,6107,train
CUST05833,8083,train
CUST07126,2203,train
CUST07677,5694,train
CUST05643,7581,train
CUST02736,2534,train
CUST05940,5284,train
CUST01037,6169,train
CUST08187,898,train
CUST05952,5569,train
CUST08123,384,train
CUST07159,8084,train
CUST04856,6329,train
CUST04536,5761,train
CUST07224,5458,train
CUST02129,5893,train
CUST03857,6253,train
CUST04584,4577,train
CUST06409,3966,train
CUST06204,1272,train
CUST01321,5860,train
CUST07184,2810,train
CUST03970,5354,train
CUST08194,2613,train
CUST05216,1256,train
CUST05027,4481,train
CUST00227,5966,train
CUST06474,3132,train
CUST07481,1189,train
CUST07406,6368,train
CUST00928,6587,train
CUST03507,5438,train
CUST05248,6441,train
CUST01670,7128,train
CUST01956,464,train
CUST02994,5437,train
CUST05720,7494,train
CUST05177,4753,train
CUST06872,3013,train
CUST03960,120,train
CUST06626,1090,train
CUST05653,5467,train
CUST07331,5613,train
CUST07633,2140,train
CUST05875,4288,train
CUST03761,4033,train
CUST00164,4170,train
CUST03773,7601,train
CUST01168,4059,train
CUST06552,8199,train
CUST05898,2466,train
CUST07127,7878,train
CUST02307,7531,train
CUST08050,6984,train
CUST02024,6824,train
CUST05424,7923,train
CUST01414,3290,train
CUST04764,2771,train
CUST04289,3577,train
CUST02057,2555,train
CUST01187,3399,train
CUST02715,5565,train
CUST07309,3479,train
CUST00972,1038,train
CUST05553,3622,train
CUST03445,7591,train
CUST05131,7040,train
CUST04272,5650,train
CUST07852,7096,train
CUST06770,6220,train
CUST02554,1784,train
CUST02532,1048,train
CUST07147,8140,train
CUST01184,1706,train
CUST01446,8421,train
CUST03963,7014,train
CUST07868,7157,train
CUST07665,3763,train
CUST03676,945,train
CUST02478,7549,train
CUST06498,7063,train
CUST06274,2788,train
CUST00700,3552,train
CUST02255,5192,train
CUST04508,6098,train
CUST06347,5834,train
CUST01633,7475,train
CUST06917,3942,train
CUST05882,1206,train
CUST02555,3890,train
CUST02556,5669,train
CUST05983,2696,train
CUST00627,8141,train
CUST00337,4738,train
CUST04692,2568,train
CUST02257,3049,train
CUST05665,2101,train
CUST04428,430,train
CUST06095,4994,train
CUST03959,7038,train
CUST01459,1378,train
CUST07410,5609,train
CUST07600,4049,train
CUST08112,454,train
CUST01445,2631,train
CUST07943,7202,train
CUST01775,7454,train
CUST06351,537,train
CUST05472,5594,train
CUST03998,6624,train
CUST06942,3256,train
CUST01268,5174,train
CUST00359,5186,train
CUST03465,8453,train
CUST06765,3569,train
CUST06983,6937,train
CUST06847,7730,train
CUST02421,6968,train
CUST00831,6764,train
CUST02457,29,train
CUST06127,7409,train
CUST01907,8435,train
CUST00172,7327,train
CUST06575,8296,train
CUST07697,2854,train
CUST06256,1722,train
CUST03802,5251,train
CUST04704,2365,train
CUST05637,1172,train
CUST02519,1656,train
CUST05838,4697,train
CUST00144,5786,train
CUST06600,1016,train
CUST07789,3339,train
CUST00612,5309,train
CUST02418,6774,train
CUST07673,4870,train
CUST05968,148,train
CUST00567,2846,train
CUST02036,5666,train
CUST04637,4120,train
CUST05217,1547,train
CUST07614,5371,train
CUST02252,6741,train
CUST03161,8077,train
CUST06864,1624,train
CUST05628,2395,train
CUST07682,198,train
CUST04606,3299,train
CUST07669,6484,train
CUST02871,1347,train
CUST04018,3094,train
CUST04218,7450,train
CUST06215,4234,train
CUST05798,5733,train
CUST05634,2549,train
CUST06073,4607,train
CUST01337,2107,train
CUST03564,7548,train
CUST05565,8449,train
CUST07676,4067,train
CUST03078,5847,train
CUST06051,149,train
CUST03592,4513,train
CUST02947,4001,train
CUST05368,8333,train
CUST06782,501,train
CUST00980,2644,train
CUST06258,2237,train
CUST07366,713,train
CUST08093,6324,train
CUST00282,1248,train
CUST06389,5991,train
CUST05142,1158,train
CUST05014,326,train
CUST05588,3398,train
CUST06134,7429,train
CUST06454,866,train
CUST02919,6261,train
CUST08053,2684,train
CUST00003,8201,train
CUST03062,7132,train
CUST05263,3877,train
CUST04036,6249,train
CUST00750,1917,train
CUST05607,2132,train
CUST06086,6702,train
CUST08229,5981,train
CUST05566,3060,train
CUST08163,1311,train
CUST04955,3744,train
CUST03813,6079,train
CUST05335,5475,train
CUST00669,6243,train
CUST03871,1490,train
CUST01134,851,train
CUST07918,7542,train
CUST05774,1545,train
CUST01765,7628,train
CUST05864,4574,train
CUST01997,4884,train
CUST08018,2588,train
CUST07957,8276,train
CUST03862,6640,train
CUST03247,4746,train
CUST06269,7237,train
CUST03952,1412,train
CUST03296,4690,train
CUST04470,5816,train
CUST07816,5983,train
CUST03402,4112,train
CUST07046,3349,train
CUST05746,4592,train
CUST01423,3246,train
CUST00099,3480,train
CUST07014,981,train
CUST06860,1165,train
CUST08298,4821,train
CUST01816,4336,train
CUST03716,6584,train
CUST01101,1888,train
CUST01983,6043,train
CUST02855,6591,train
CUST03429,665,train
CUST03786,1826,train
CUST03177,4712,train
CUST06848,4775,train
CUST04628,4243,train
CUST00728,5969,train
CUST04953,2143,train
CUST00762,171,train
CUST02972,7987,train
CUST06260,5558,train
CUST06401,4981,train
CUST03667,1041,train
CUST00534,4617,train
CUST02061,7488,train
CUST02964,6869,train
CUST03588,3871,train
CUST07876,70,train
CUST07888,3658,train
CUST06815,99,train
CUST03451,6297,train
CUST01430,5745,train
CUST01496,7920,train
CUST03269,2645,train
CUST01950,4526,train
CUST03710,965,train
CUST01444,6490,train
CUST07459,6082,train
CUST06973,1396,train
CUST07016,6438,train
CUST07469,3031,train
CUST03639,3968,train
CUST05459,6382,train
CUST03599,4023,train
CUST02832,6337,train
CUST03422,7318,train
CUST05134,183,train
CUST06774,2452,train
CUST04455,2431,train
CUST02940,5134,train
CUST02141,2839,train
CUST01429,270,train
CUST01368,6551,train
CUST03836,4476,train
CUST03283,6237,train
CUST06053,598,train
CUST01117,5523,train
CUST00950,111,train
CUST00796,3701,train
CUST02911,3863,train
CUST06084,5919,train
CUST07074,5605,train
CUST07394,951,train
CUST05434,4424,train
CUST04255,2970,train
CUST01074,5124,train
CUST07847,1718,train
CUST04492,7325,train
CUST06177,2842,train
CUST07598,4427,train
CUST04682,4990,train
CUST03123,357,train
CUST06414,5232,train
CUST00855,7153,train
CUST03122,3657,train
CUST06180,7911,train
CUST00009,4817,train
CUST04658,6188,train
CUST08289,1648,train
CUST04544,2909,train
CUST01156,114,train
CUST04688,2062,train
CUST03907,2781,train
CUST01398,3844,train
CUST00781,3576,train
CUST07604,2893,train
CUST00364,7687,train
CUST00800,4986,train
CUST07324,5760,train
CUST07387,170,train
CUST01274,2556,train
CUST02839,8391,train
CUST01660,8313,train
CUST00999,3932,train
CUST04182,1701,train
CUST03902,4892,train
CUST05811,5047,train
CUST05492,4409,train
CUST05970,1427,train
CUST01748,6256,train
CUST04771,4148,train
CUST02668,6952,train
CUST01958,6371,train
CUST04232,1858,train
CUST02381,5148,train
CUST07148,7556,train
CUST00893,8013,train
CUST03577,7889,train
CUST06606,8066,train
CUST04472,7359,train
CUST02404,3418,train
CUST06956,2341,train
CUST03731,7940,train
CUST06756,4268,train
CUST07150,2472,train
CUST02893,1499,train
CUST07999,311,train
CUST00211,4211,train
CUST07399,895,train
CUST00358,7478,train
CUST02086,7399,train
CUST01066,5179,train
CUST06791,1820,train
CUST06105,6902,train
CUST02268,6325,train
CUST00219,7910,train
CUST01230,1936,train
CUST00313,7148,train
CUST07336,5180,train
CUST06450,5890,train
CUST04583,6111,train
CUST07542,3076,train
CUST03421,6620,train
CUST07355,3774,train
CUST04290,7894,train
CUST06408,1374,train
CUST03155,103,train
CUST05743,5511,train
CUST05071,5626,train
CUST02979,1281,train
CUST08256,3845,train
CUST07100,6106,train
CUST05489,6651,train
CUST00733,7799,train
CUST04753,987,train
CUST02323,7877,train
CUST06184,3447,train
CUST02055,5269,train
CUST06613,8146,train
CUST06961,4766,train
CUST00795,4842,train
CUST04893,8285,train
CUST07511,5751,train
CUST07723,8351,train
CUST01344,2461,train
CUST01441,1854,train
CUST02365,3106,train
CUST01122,3938,train
CUST03751,4153,train
CUST07865,5727,train
CUST01098,1753,train
CUST05378,5127,train
CUST01339,2391,train
CUST01616,7297,train
CUST02578,3595,train
CUST01471,6381,train
CUST06940,5682,train
CUST04037,4352,train
CUST06297,1169,train
CUST04250,263,train
CUST06004,7751,train
CUST03297,131,train
CUST02520,540,train
CUST05959,6626,train
CUST04168,1569,train
CUST07535,7559,train
CUST00032,5114,train
CUST04735,7342,train
CUST01729,1828,train
CUST04192,792,train
CUST07683,8428,train
CUST03586,1897,train
CUST01315,6936,train
CUST00270,1114,train
CUST02497,7124,train
CUST04357,8135,train
CUST05498,7965,train
CUST05201,6122,train
CUST05455,3335,train
CUST06344,7883,train
CUST04173,2773,train
CUST01416,485,train
CUST00062,4512,train
CUST04323,7097,train
CUST02026,1250,train
CUST05613,3183,train
CUST00965,8376,train
CUST00573,5672,train
CUST04738,4092,train
CUST07798,17,train
CUST03690,3091,train
CUST07485,3527,train
CUST03156,6384,train
CUST05270,1785,train
CUST03083,379,train
CUST06795,761,train
CUST06829,6816,train
CUST04246,8412,train
CUST05655,2934,train
CUST06974,1061,train
CUST04418,3898,train
CUST07060,1955,train
CUST02927,4621,train
CUST06196,8334,train
CUST05859,7139,train
CUST01075,1669,train
CUST03661,6746,train
CUST05716,5478,train
CUST02822,5482,train
CUST06944,4065,train
CUST01517,2718,train
CUST07440,3209,train
CUST00108,8289,train
CUST03503,3828,train
CUST01183,8378,train
CUST06521,1723,train
CUST02791,3787,train
CUST01984,5316,train
CUST07356,4129,train
CUST05246,5766,train
CUST00389,2290,train
CUST07279,8277,train
CUST04280,2518,train
CUST03498,7510,train
CUST04216,7001,train
CUST05212,516,train
CUST02236,2098,train
CUST05732,4443,train
CUST05642,6696,train
CUST07312,680,train
CUST00449,2975,train
CUST04717,2819,train
CUST00589,7056,train
CUST03221,7217,train
CUST04554,835,train
CUST04322,4675,train
CUST04621,4677,train
CUST02390,5307,train
CUST06200,7613,train
CUST01249,5245,train
CUST07379,6348,train
CUST02907,6700,train
CUST04883,575,train
CUST06920,6760,train
CUST05400,3383,train
CUST06736,7449,train
CUST02142,5548,train
CUST00047,7166,train
CUST07056,2804,train
CUST02511,5870,train
CUST01002,8363,train
CUST07334,7209,train
CUST06777,7220,train
CUST04631,59,train
CUST00212,5744,train
CUST02315,2128,train
CUST02260,6355,train
CUST05620,3330,train
CUST07879,2930,train
CUST02186,6967,train
CUST00604,2163,train
CUST00634,2470,train
CUST02898,4946,train
CUST05853,4744,train
CUST02814,200,train
CUST02388,2755,train
CUST05830,7618,train
CUST01454,588,train
CUST04450,2812,train
CUST03489,8244,train
CUST02394,6364,train
CUST07911,1748,train
CUST06534,7100,train
CUST00252,2809,train
CUST01990,8220,train
CUST04084,8124,train
CUST04061,956,train
CUST06800,1677,train
CUST00101,730,train
CUST03206,4954,train
CUST06209,4767,train
CUST01298,3944,train
CUST03447,6334,train
CUST00084,2090,train
CUST01007,5396,train
CUST03118,4916,train
CUST03526,5792,train
CUST04949,4463,train
CUST00823,5155,train
CUST07002,5931,train
CUST02967,974,train
CUST05403,3997,train
CUST00614,6678,train
CUST05834,7568,train
CUST07632,6311,train
CUST01662,4315,train
CUST00266,6530,train
CUST02792,5215,train
CUST01251,8113,train
CUST06924,7150,train
CUST07328,220,train
CUST02679,2281,train
CUST04233,4006,train
CUST06805,1040,train
CUST01482,7983,train
CUST01127,250,train
CUST04223,636,train
CUST03744,3363,train
CUST04364,3722,train
CUST08042,8398,train
CUST04400,2608,train
CUST04136,828,train
CUST02541,5866,train
CUST04468,7197,train
CUST01139,5782,train
CUST02217,1704,train
CUST03540,7477,train
CUST04755,8441,train
CUST00312,60,train
CUST01273,7888,train
CUST04935,1549,train
CUST03302,5410,train
CUST01600,8062,train
CUST00710,5099,train
CUST02451,4866,train
CUST04327,4591,train
CUST06453,6174,train
CUST05926,2216,train
CUST00821,5679,train
CUST04089,3655,train
CUST03136,3546,train
CUST03171,2914,train
CUST02235,8234,train
CUST03584,2223,train
CUST05005,5145,train
CUST03990,7725,train
CUST04270,3514,train
CUST00662,5790,train
CUST07937,4578,train
CUST07155,4292,train
CUST07382,8232,train
CUST03666,897,train
CUST00135,7405,train
CUST06579,957,train
CUST04366,1362,train
CUST04720,994,train
CUST05822,4670,train
CUST03270,6395,train
CUST00263,7058,train
CUST04023,1073,train
CUST05758,3782,train
CUST03344,7387,train
CUST05191,3789,train
CUST03946,1613,train
CUST08128,5351,train
CUST04968,3023,train
CUST07362,1514,train
CUST01439,4230,train
CUST00378,527,train
CUST02672,1317,train
CUST05674,339,train
CUST06395,1716,train
CUST06329,2232,train
CUST00073,3312,train
CUST06082,5832,train
CUST07467,6476,train
CUST05957,5401,train
CUST06615,1224,train
CUST03754,5003,train
CUST02210,2324,train
CUST03921,2969,train
CUST03889,2489,train
CUST02803,3946,train
CUST01428,692,train
CUST01521,4425,train
CUST02091,5550,train
CUST02206,4391,train
CUST08103,1194,train
CUST01866,3304,train
CUST03796,3316,train
CUST06659,3523,train
CUST01418,5910,train
CUST03342,3525,train
CUST08160,7009,train
CUST04983,6248,train
CUST06116,2915,train
CUST02573,7119,train
CUST06757,6363,train
CUST04610,238,train
CUST04427,4043,train
CUST05483,3223,train
CUST03253,450,train
CUST07627,765,train
CUST07716,2153,train
CUST06584,7584,train
CUST00850,1435,train
CUST03325,3917,train
CUST00352,6263,train
CUST07019,6099,train
CUST06645,3336,train
CUST06144,2388,train
CUST03566,7149,train
CUST06305,734,train
CUST06873,2884,train
CUST02882,6976,train
CUST05369,1491,train
CUST02817,7783,train
CUST02835,1125,train
CUST02194,6711,train
CUST02051,3940,train
CUST03131,1105,train
CUST02831,3649,train
CUST06861,2379,train
CUST08310,1591,train
CUST01862,1444,train
CUST05900,5512,train
CUST03844,998,train
CUST06290,6247,train
CUST03045,2597,train
CUST06318,3873,train
CUST06225,1191,train
CUST04151,3675,train
CUST03188,6890,train
CUST03410,5740,train
CUST07894,7908,train
CUST04980,7507,train
CUST03705,7193,train
CUST02991,3362,train
CUST06406,293,train
CUST04156,1466,train
CUST00713,657,train
CUST01968,6686,train
CUST01849,7334,train
CUST00533,5301,train
CUST07800,3710,train
CUST05156,6690,train
CUST03127,6287,train
CUST03753,6794,train
CUST05124,2674,train
CUST06467,2780,train
CUST01903,7061,train
CUST07906,6709,train
CUST04622,1928,train
CUST04078,6305,train
CUST00987,5543,train
CUST00281,7884,train
CUST03183,3375,train
CUST01498,6791,train
CUST04978,1342,train
CUST05347,3720,train
CUST05507,2068,train
CUST06671,7073,train
CUST00200,3122,train
CUST01668,1958,train
CUST05704,7577,train
CUST01930,4930,train
CUST01381,2262,train
CUST02939,6268,train
CUST04213,2610,train
CUST02926,544,train
CUST05452,5253,train
CUST06516,5359,train
CUST07373,2630,train
CUST05540,4963,train
CUST03212,7393,train
CUST00304,6254,train
CUST05129,5940,train
CUST06668,8080,train
CUST02459,4565,train
CUST03431,2321,train
CUST02327,6159,train
CUST07523,3143,train
CUST05153,4355,train
CUST07923,2928,train
CUST06033,3380,train
CUST07293,278,train
CUST01147,1310,train
CUST04274,2737,train
CUST01663,1926,train
CUST07589,265,train
CUST01569,313,train
CUST03718,2412,train
CUST07794,5997,train
CUST01470,7445,train
CUST07009,5980,train
CUST00424,6590,train
CUST04719,2272,train
CUST07659,39,train
CUST08110,5578,train
CUST06643,2295,train
CUST08275,519,train
CUST07900,5641,train
CUST08217,4559,train
CUST08012,517,train
CUST03043,7921,train
CUST01283,6857,train
CUST07770,1352,train
CUST06750,4061,train
CUST04567,6473,train
CUST07103,6706,train
CUST01804,7875,train
CUST05011,4686,train
CUST03102,1533,train
CUST00974,5015,train
CUST05207,2307,train
CUST07499,791,train
CUST02295,2230,train
CUST02772,2848,train
CUST05873,7366,train
CUST05056,6153,train
CUST03379,7158,train
CUST03066,7533,train
CUST03075,5231,train
CUST04321,5674,train
CUST08072,3071,train
CUST07670,8324,train
CUST04736,8020,train
CUST03858,5234,train
CUST00783,2477,train
CUST06527,5759,train
CUST00443,2938,train
CUST08168,1687,train
CUST06954,6534,train
CUST02095,5714,train
CUST02423,1650,train
CUST00910,6714,train
CUST08265,4506,train
CUST05034,5799,train
CUST05182,5950,train
CUST01253,1957,train
CUST02794,7326,train
CUST01844,346,train
CUST05978,7142,train
CUST05993,1492,train
CUST05123,3147,train
CUST04338,45,train
CUST05213,8331,train
CUST07766,2358,train
CUST04982,604,train
CUST06461,2729,train
CUST01252,7514,train
CUST07029,576,train
CUST07547,4594,train
CUST07815,6510,train
CUST02221,7544,train
CUST04849,382,train
CUST02741,7215,train
CUST07907,8137,train
CUST01718,3927,train
CUST04627,1312,train
CUST06664,4379,train
CUST07282,649,train
CUST03201,8085,train
CUST05282,3051,train
CUST03267,3766,train
CUST01152,7956,train
CUST06405,4581,train
CUST01891,6021,train
CUST03487,2904,train
CUST00335,3216,train
CUST01937,8217,train
CUST01538,4805,train
CUST06975,2517,train
CUST05744,2092,train
CUST07851,7835,train
CUST01204,7019,train
CUST01349,2756,train
CUST03455,36,train
CUST06922,3138,train
CUST01785,7738,train
CUST05682,7390,train
CUST00372,5802,train
CUST07954,6385,train
CUST04786,1839,train
CUST00365,2473,train
CUST06798,1208,train
CUST00077,7357,train
CUST02670,3528,train
CUST05303,3727,train
CUST01365,4718,train
CUST07118,7374,train
CUST06173,3155,train
CUST05690,8216,train
CUST01011,4458,train
CUST04566,1334,train
CUST04670,6502,train
CUST02222,5737,train
CUST05752,2105,train
CUST00944,5856,train
CUST04533,6417,train
CUST00221,5495,train
CUST00658,3967,train
CUST01913,1597,train
CUST02059,964,train
CUST01753,4653,train
CUST07200,1951,train
CUST04552,2742,train
CUST01278,6598,train
CUST05160,2996,train
CUST02379,7860,train
CUST01467,5395,train
CUST01170,7431,train
CUST00225,5139,train
CUST05305,2359,train
CUST00619,6375,train
CUST03186,2441,train
CUST04386,6278,train
CUST04104,4874,train
CUST00625,1184,train
CUST04884,7949,train
CUST07737,7895,train
CUST00454,4971,train
CUST00512,4596,train
CUST06129,8318,train
CUST07518,3102,train
CUST06212,1469,train
CUST02199,4123,train
CUST07161,6540,train
CUST04732,685,train
CUST03068,6911,train
CUST00759,2662,train
CUST00546,6059,train
CUST02054,2075,train
CUST06493,6281,train
CUST03309,4334,train
CUST00576,5492,train
CUST06583,8229,train
CUST04794,118,train
CUST01982,853,train
CUST03436,4784,train
CUST03766,2456,train
CUST00324,4725,train
CUST07325,2968,train
CUST03700,8098,train
CUST05204,8166,train
CUST00301,8057,train
CUST08111,735,train
CUST03516,1853,train
CUST04773,1000,train
CUST06928,4460,train
CUST02854,3210,train
CUST03499,1494,train
CUST05781,3460,train
CUST03570,6894,train
CUST01495,3124,train
CUST00451,1068,train
CUST01165,1589,train
CUST02466,4585,train
CUST05849,4411,train
CUST01889,4121,train
CUST05427,1240,train
CUST05337,2207,train
CUST02439,3098,train
CUST06189,3314,train
CUST00807,3123,train
CUST01327,1030,train
CUST03544,6338,train
CUST04970,373,train
CUST06939,1434,train
CUST02072,1665,train
CUST06840,4550,train
CUST03594,1660,train
CUST07711,6158,train
CUST08096,6933,train
CUST00117,4551,train
CUST01010,3816,train
CUST01465,5065,train
CUST06304,4832,train
CUST05240,469,train
CUST03222,7285,train
CUST04549,3993,train
CUST04612,7838,train
CUST06049,4541,train
CUST01551,7109,train
CUST03070,1351,train
CUST02357,6096,train
CUST06100,5241,train
CUST07313,4368,train
CUST03384,756,train
CUST06079,5540,train
CUST07289,4254,train
CUST04792,5515,train
CUST02311,7000,train
CUST01620,3030,train
CUST08070,3969,train
CUST02088,867,train
CUST06830,6234,train
CUST03042,6421,train
CUST02931,4413,train
CUST06288,2245,train
CUST07608,5553,train
CUST00190,4343,train
CUST04269,689,train
CUST04657,4146,train
CUST07489,5993,train
CUST04167,2417,train
CUST07487,5211,train
CUST02303,6425,train
CUST00595,8048,train
CUST08161,4496,train
CUST05413,1727,train
CUST04587,526,train
CUST04724,5083,train
CUST07194,5212,train
CUST02092,4418,train
CUST02016,117,train
CUST00297,3674,train
CUST07691,6087,train
CUST06313,4504,train
CUST04035,4715,train
CUST00328,4493,train
CUST05257,6657,train
CUST03088,241,train
CUST04069,671,train
CUST03925,8067,train
CUST02265,512,train
CUST01358,6654,train
CUST00514,7223,train
CUST05354,4612,train
CUST07877,2922,train
CUST06666,8165,train
CUST04590,5541,train
CUST01935,736,train
CUST04641,3822,train
CUST08264,3610,train
CUST05475,816,train
CUST04299,5059,train
CUST04112,1674,test
CUST05508,3379,test
CUST05857,8349,test
CUST03354,5716,test
CUST02163,1496,test
CUST00915,8362,test
CUST02410,3075,test
CUST07962,2821,test
CUST07087,5658,test
CUST02888,5161,test
CUST05399,1267,test
CUST05028,1384,test
CUST06010,3474,test
CUST00374,2918,test
CUST00742,4,test
CUST00268,281,test
CUST04643,345,test
CUST02288,4257,test
CUST07771,5826,test
CUST07986,5427,test
CUST03798,810,test
CUST06137,2712,test
CUST02153,6670,test
CUST06229,753,test
CUST06676,5404,test
CUST02062,8399,test
CUST04127,2180,test
CUST00076,6102,test
CUST00681,3702,test
CUST02760,1661,test
CUST07163,3035,test
CUST07443,6838,test
CUST05583,3599,test
CUST02218,4643,test
CUST02650,1735,test
CUST07948,4179,test
CUST02850,53,test
CUST03578,1371,test
CUST06331,376,test
CUST07806,6300,test
CUST01537,8060,test
CUST03334,5265,test
CUST01228,3587,test
CUST00810,8247,test
CUST05671,5196,test
CUST05795,2110,test
CUST04975,4003,test
CUST03805,5308,test
CUST06719,2716,test
CUST04202,3012,test
CUST06468,876,test
CUST00486,5960,test
CUST06820,1564,test
CUST07830,3904,test
CUST00743,1418,test
CUST00296,5930,test
CUST06689,4507,test
CUST04597,6823,test
CUST08283,1719,test
CUST03882,138,test
CUST00564,4044,test
CUST08285,7523,test
CUST06971,1178,test
CUST04762,4771,test
CUST03323,3875,test
CUST07316,297,test
CUST01412,5123,test
CUST00317,8381,test
CUST06335,5471,test
CUST00295,2012,test
CUST03240,5087,test
CUST01295,3070,test
CUST00535,3259,test
CUST07437,7183,test
CUST02571,5865,test
CUST05425,663,test
CUST06338,3173,test
CUST07942,3467,test
CUST01973,7775,test
CUST00539,8346,test
CUST06715,6080,test
CUST06653,4956,test
CUST02009,5961,test
CUST03477,960,test
CUST00379,4075,test
CUST04899,2008,test
CUST00110,6938,test
CUST02786,5451,test
CUST02204,5717,test
CUST07262,7801,test
CUST05094,764,test
CUST00371,2229,test
CUST03259,1541,test
CUST04708,7221,test
CUST04701,1590,test
CUST08015,7343,test
CUST07427,7303,test
CUST00052,2346,test
CUST00039,4242,test
CUST03621,8431,test
CUST05477,1603,test
CUST04835,8341,test
CUST03348,6466,test
CUST06381,3213,test
CUST07741,620,test
CUST04645,8261,test
CUST03916,7375,test
CUST05095,7281,test
CUST03331,2843,test
CUST04034,6175,test
CUST00206,2072,test
CUST07596,2590,test
CUST00018,1356,test
CUST00168,8264,test
CUST01592,8260,test
CUST01701,4628,test
CUST02329,7519,test
CUST00043,5957,test
CUST05606,6397,test
CUST07072,6659,test
CUST03312,5785,test
CUST01722,904,test
CUST05473,134,test
CUST00171,5902,test
CUST06561,2523,test
CUST04941,2467,test
CUST07409,7610,test
CUST04257,2226,test
CUST00523,2393,test
CUST02836,2638,test
CUST02505,6125,test
CUST04761,8121,test
CUST06424,747,test
CUST02397,6350,test
CUST01645,4826,test
CUST01911,3795,test
CUST03732,7827,test
CUST04611,7479,test
CUST05552,3427,test
CUST04638,1933,test
CUST01725,12,test
CUST07870,8259,test
CUST05342,1294,test
CUST06415,6570,test
CUST00557,3042,test
CUST03313,3351,test
CUST07995,8029,test
CUST02938,2901,test
CUST01755,5014,test
CUST00757,698,test
CUST04555,6031,test
CUST04629,5695,test
CUST03064,4529,test
CUST02607,5524,test
CUST06278,1406,test
CUST08259,5519,test
CUST02714,6060,test
CUST03448,4259,test
CUST03989,4235,test
CUST04559,3653,test
CUST01004,1599,test
CUST04117,429,test
CUST06466,167,test
CUST01535,863,test
CUST02371,510,test
CUST00131,5777,test
CUST07208,8202,test
CUST04897,4070,test
CUST06138,4774,test
CUST04489,2188,test
CUST06168,6506,test
CUST02838,5625,test
CUST02970,4401,test
CUST04485,1013,test
CUST00771,6729,test
CUST01992,5171,test
CUST02922,6019,test
CUST04617,4702,test
CUST07414,3015,test
CUST04313,2414,test
CUST07808,6462,test
CUST01845,7904,test
CUST06236,5218,test
CUST00029,1581,test
CUST05494,78,test
CUST05033,3393,test
CUST02529,4940,test
CUST07310,4311,test
CUST06691,2530,test
CUST02876,5381,test
CUST06629,6766,test
CUST01364,6887,test
CUST05321,5441,test
CUST05505,403,test
CUST07708,3198,test
CUST01634,7679,test
CUST00556,4883,test
CUST00912,6962,test
CUST00113,5305,test
CUST02702,2574,test
CUST07339,1903,test
CUST00680,5828,test
CUST04871,1451,test
CUST01079,5738,test
CUST08125,5885,test
CUST00571,644,test
CUST08176,6242,test
CUST07622,2536,test
CUST08224,6199,test
CUST04831,1945,test
CUST06694,2784,test
CUST04561,3827,test
CUST03234,5973,test
CUST01532,3293,test
CUST07601,1838,test
CUST00978,7108,test
CUST02411,5004,test
CUST03958,4975,test
CUST05101,193,test
CUST03420,5648,test
CUST07245,5479,test
CUST03556,2411,test
CUST08302,841,test
CUST07452,7701,test
CUST07257,4573,test
CUST01149,4519,test
CUST01246,5852,test
CUST06672,5157,test
CUST06358,7954,test
CUST08009,1301,test
CUST03128,6563,test
CUST00349,163,test
CUST02097,5846,test
CUST06936,391,test
CUST00797,4064,test
CUST04462,1046,test
CUST05064,7851,test
CUST03461,4132,test
CUST03409,3834,test
CUST04406,5197,test
CUST03104,6177,test
CUST01299,1807,test
CUST04906,1619,test
CUST06850,4438,test
CUST03284,445,test
CUST07475,444,test
CUST07844,4843,test
CUST07913,4583,test
CUST02373,5364,test
CUST00513,459,test
CUST04393,8051,test
CUST04518,473,test
CUST05254,1950,test
CUST00702,3268,test
CUST01733,8035,test
CUST00046,2194,test
CUST07343,6130,test
CUST04853,7789,test
CUST02542,8336,test
CUST07646,8097,test
CUST05844,6536,test
CUST03471,2545,test
CUST00477,1217,test
CUST01431,2939,test
CUST00622,3825,test
CUST00825,2178,test
CUST01077,6561,test
CUST07882,7329,test
CUST06885,395,test
CUST00308,8157,test
CUST02601,1865,test
CUST04569,4025,test
CUST02486,8375,test
CUST05904,4151,test
CUST00255,1257,test
CUST08031,8015,test
CUST07615,5952,test
CUST02177,4993,test
CUST01596,7116,test
CUST04438,7245,test
CUST02107,7864,test
CUST03406,3211,test
CUST06704,5589,test
CUST07949,7935,test
CUST04813,3037,test
CUST02869,8011,test
CUST05621,5272,test
CUST05776,5383,test
CUST01703,6457,test
CUST04875,3152,test
CUST05865,1243,test
CUST01258,7341,test
CUST03134,8196,test
CUST04288,1354,test
CUST00509,362,test
CUST08062,5129,test
CUST07250,1340,test
CUST02872,90,test
CUST03541,3322,test
CUST01094,7076,test
CUST06539,4465,test
CUST05745,1725,test
CUST03464,4062,test
CUST01234,7200,test
CUST06506,7189,test
CUST01359,3539,test
CUST06372,2252,test
CUST05085,5992,test
CUST07067,2277,test
CUST07298,1167,test
CUST03474,1941,test
CUST02709,893,test
CUST08223,298,test
CUST03752,766,test
CUST05351,515,test
CUST06551,54,test
CUST05536,5133,test
CUST07826,6593,test
CUST02143,6914,test
CUST07751,496,test
CUST06165,1270,test
CUST05481,6996,test
CUST05878,7127,test
CUST03680,468,test
CUST01205,5876,test
CUST04469,4701,test
CUST02731,1266,test
CUST04990,8040,test
CUST04350,6166,test
CUST03494,1458,test
CUST08305,4615,test
CUST03200,8195,test
CUST02664,2947,test
CUST03999,2752,test
CUST01374,6154,test
CUST06819,7615,test
CUST08239,2818,test
CUST06919,1528,test
CUST08277,2095,test
CUST02593,334,test
CUST04378,7543,test
CUST03125,2352,test
CUST04679,8315,test
CUST00233,1733,test
CUST06555,5473,test
CUST07914,939,test
CUST00586,5557,test
CUST02648,2426,test
CUST01057,8136,test
CUST06723,7978,test
CUST06994,6065,test
CUST07540,856,test
CUST06369,5867,test
CUST00494,2342,test
CUST04961,3534,test
CUST05365,8250,test
CUST03049,2650,test
CUST06569,5951,test
CUST00861,1481,test
CUST02913,6732,test
CUST02318,3947,test
CUST01572,6141,test
CUST03401,1847,test
CUST01001,4337,test
CUST05379,1979,test
CUST02013,3292,test
CUST02282,5204,test
CUST05479,5093,test
CUST01878,3131,test
CUST06627,6817,test
CUST06515,7769,test
CUST06788,502,test
CUST01133,5273,test
CUST05973,4650,test
CUST06993,8266,test
CUST05430,5863,test
CUST08022,3592,test
CUST06384,6135,test
CUST03565,1186,test
CUST07315,8110,test
CUST04062,7711,test
CUST07583,1020,test
CUST06423,7335,test
CUST01989,2465,test
CUST01224,890,test
CUST05356,7300,test
CUST03846,3116,test
CUST03059,2878,test
CUST03400,4232,test
CUST08066,4285,test
CUST03388,7310,test
CUST07154,3117,test
CUST00529,1902,test
CUST01504,7420,test
CUST05500,7130,test
CUST08030,1154,test
CUST00744,3582,test
CUST01828,1229,test
CUST06706,4163,test
CUST01640,34,test
CUST01211,3034,test
CUST01270,1887,test
CUST05372,3770,test
CUST04752,4080,test
CUST03582,4895,test
CUST03469,2468,test
CUST00336,139,test
CUST06340,6035,test
CUST00125,6293,test
CUST03803,2739,test
CUST07221,303,test
CUST05242,6582,test
CUST03020,6352,test
CUST02277,74,test
CUST05791,6463,test
CUST05446,7333,test
CUST02465,6089,test
CUST07916,8159,test
CUST07618,4212,test
CUST05222,4875,test
CUST05722,6653,test
CUST05077,460,test
CUST06267,387,test
CUST06283,1773,test
CUST05879,5109,test
CUST06762,4127,test
CUST05155,5112,test
CUST06662,2139,test
CUST03644,1985,test
CUST00309,3635,test
CUST07265,6279,test
CUST02151,73,test
CUST05493,2890,test
CUST03326,7526,test
CUST06580,6716,test
CUST04395,2774,test
CUST00339,1143,test
CUST01525,5119,test
CUST03780,5622,test
CUST03888,4833,test
CUST04486,1283,test
CUST00016,3673,test
CUST07818,295,test
CUST05203,5444,test
CUST07070,1018,test
CUST00694,4770,test
CUST07835,2339,test
CUST08177,6478,test
CUST07998,4240,test
CUST05004,4948,test
CUST03002,4014,test
CUST04330,770,test
CUST04570,601,test
CUST02759,6848,test
CUST02000,1825,test
CUST05769,1981,test
CUST04097,3400,test
CUST03738,1578,test
CUST01265,6739,test
CUST06767,7582,test
CUST07217,6291,test
CUST03111,164,test
CUST06480,6178,test
CUST02987,2657,test
CUST04770,2416,test
CUST01018,1686,test
CUST04800,2988,test
CUST04747,6168,test
CUST07232,6821,test
CUST04495,1069,test
CUST07311,8456,test
CUST06966,1779,test
CUST00822,3114,test
CUST01069,7905,test
CUST01667,5722,test
CUST06000,8172,test
CUST00269,2270,test
CUST08215,3652,test
CUST02117,7678,test
CUST05315,3251,test
CUST03044,1146,test
CUST03189,4482,test
CUST06612,8293,test
CUST02856,2263,test
CUST04706,822,test
CUST02951,6505,test
CUST08027,52,test
CUST06696,7474,test
CUST04436,3676,test
CUST04888,4042,test
CUST01818,7538,test
CUST01456,5503,test
CUST01799,2471,test
CUST00459,8467,test
CUST04038,1623,test
CUST00178,7823,test
CUST08257,5905,test
CUST03812,5793,test
CUST05359,1876,test
CUST01060,6265,test
CUST00434,5700,test
CUST03439,7804,test
CUST04391,7540,test
CUST07924,5357,test
CUST04959,1732,test
CUST01121,1175,test
CUST07482,5575,test
CUST04028,8371,test
CUST00106,5663,test
CUST00979,4454,test
CUST05532,2323,test
CUST01330,862,test
CUST00224,6112,test
CUST08200,2145,test
CUST00538,3303,test
CUST02614,3244,test
CUST03182,940,test
CUST05018,3830,test
CUST01653,1111,test
CUST06254,2368,test
CUST00142,7065,test
CUST08237,5741,test
CUST02299,4590,test
CUST01176,6048,test
CUST05150,3590,test
CUST06244,5651,test
CUST05971,3992,test
CUST03845,3285,test
CUST03799,1482,test
CUST00433,5170,test
CUST02642,8071,test
CUST01819,6058,test
CUST00050,3157,test
