customer_id,product,plan,customer_source_row,jan_collaborators,feb_collaborators,mar_collaborators,apr_collaborators,jan_apr_mean_collaborators,history_source_rows,group,may_collaborators,may_source_row
CUST02345,Loom,Free,2346,16,14,17,13,15.0,11887|11888|11889|11890,priority,6,11891
CUST00676,Loom,Free,677,12,16,12,17,14.25,3412|3413|3414|3415,priority,11,3416
CUST02462,Loom,Free,2463,3,6,6,11,6.5,12477|12478|12479|12480,comparison,15,12481
CUST04737,Loom,Free,4738,6,17,8,6,9.25,24022|24023|24024|24025,comparison,9,24026
CUST01867,Trello,Free,1868,13,16,18,14,15.25,9462|9463|9464|9465,priority,16,9466
CUST00215,Trello,Free,216,15,13,17,14,14.75,1072|1073|1074|1075,priority,12,1076
CUST06014,Trello,Free,6015,8,7,14,15,11.0,30507|30508|30509|30510,comparison,10,30511
CUST08210,Trello,Free,8211,14,12,11,7,11.0,41642|41643|41644|41645,comparison,14,41646
CUST02688,Bitbucket,Free,2689,18,19,17,8,15.5,13617|13618|13619|13620,priority,14,13621
CUST00272,Bitbucket,Free,273,17,11,17,14,14.75,1357|1358|1359|1360,priority,15,1361
CUST04294,Bitbucket,Free,4295,7,7,16,13,10.75,21797|21798|21799|21800,comparison,14,21801
CUST01957,Bitbucket,Free,1958,4,17,9,9,9.75,9912|9913|9914|9915,comparison,5,9916
CUST00719,Confluence,Free,720,18,17,10,16,15.25,3632|3633|3634|3635,priority,18,3636
CUST05352,Confluence,Free,5353,15,14,16,15,15.0,27167|27168|27169|27170,priority,7,27171
CUST06181,Confluence,Free,6182,9,11,7,7,8.5,31362|31363|31364|31365,comparison,7,31366
CUST04206,Confluence,Free,4207,8,14,7,8,9.25,21327|21328|21329|21330,comparison,14,21331
CUST07120,Jira,Free,7121,19,17,17,19,18.0,36097|36098|36099|36100,priority,13,36101
CUST00515,Jira,Free,516,21,8,18,20,16.75,2597|2598|2599|2600,priority,9,2601
CUST03449,Jira,Free,3450,6,6,6,6,6.0,17497|17498|17499|17500,comparison,15,17501
CUST06341,Jira,Free,6342,12,12,13,12,12.25,32172|32173|32174|32175,comparison,6,32176
