customer_id,plan,customer_source_row,usage_source_rows,product_n,usage_record_n,Integrations Used,Active Day Rate,Sessions,Product Actions,Collaborators,zero_record_n,all_records_zero,common_metric_eligible
CUST01427,Free,1428,7202|7203|7204|7205|7206,1,5,1.0,0.2456989247311828,15.2,89.8,11.6,2,False,True
CUST01195,Free,1196,6032|6033|6034|6035|6036,1,5,0.4,0.21327188940092165,13.6,71.0,12.0,3,False,True
CUST06019,Free,6020,30532|30533|30534|30535|30536,1,5,1.8,0.18794162826420893,11.6,72.8,10.4,1,False,True
CUST03112,Free,3113,15767|15768|15769|15770|15771,1,5,1.6,0.16603686635944698,10.6,53.4,11.0,2,False,True
CUST04043,Free,4044,20497|20498|20499|20500|20501,1,5,1.6,0.2206298003072197,13.2,71.6,9.2,1,False,True
CUST00665,Standard,666,3357|3358|3359|3360|3361,1,5,2.2,0.1794162826420891,11.0,68.0,12.4,0,False,True
CUST05080,Standard,5081,25792|25793|25794|25795|25796,1,5,1.8,0.17850998463901688,12.4,78.0,9.8,1,False,True
CUST01451,Standard,1452,7322|7323|7324|7325|7326,1,5,2.2,0.11218125960061442,7.2,43.0,9.0,0,False,True
CUST06472,Standard,6473,32832|32833|32834|32835|32836,1,5,2.4,0.16400921658986176,9.4,53.8,9.6,1,False,True
CUST05588,Standard,5589,28377|28378|28379|28380|28381,1,5,2.2,0.3719508448540707,20.2,132.2,11.8,0,False,True
CUST01425,Premium,1426,7192|7193|7194|7195|7196,1,5,3.4,0.20677419354838705,11.0,57.2,10.6,0,False,True
CUST03623,Premium,3624,18377|18378|18379|18380|18381,1,5,3.0,0.5050384024577572,31.6,162.4,14.0,0,False,True
CUST04136,Premium,4137,20967|20968|20969|20970|20971,1,5,5.0,0.3914746543778802,20.8,119.6,11.2,0,False,True
CUST02167,Premium,2168,10992|10993|10994|10995|10996,1,5,4.0,0.24457757296466975,14.2,75.4,12.6,0,False,True
CUST04472,Premium,4473,22687|22688|22689|22690|22691,1,5,3.2,0.44192012288786486,25.0,136.6,12.6,0,False,True
CUST01175,Enterprise,1176,5932|5933|5934|5935|5936,1,5,7.2,0.40321044546851,24.8,159.2,14.2,0,False,True
CUST01369,Enterprise,1370,6912|6913|6914|6915|6916,1,5,6.2,0.38897081413210444,22.4,128.0,14.0,0,False,True
CUST05759,Enterprise,5760,29232|29233|29234|29235|29236,1,5,5.8,0.29981566820276495,18.2,73.0,12.2,0,False,True
CUST02827,Enterprise,2828,14312|14313|14314|14315|14316,1,5,5.8,0.13867895545314898,8.8,51.6,9.4,0,False,True
CUST05141,Enterprise,5142,26102|26103|26104|26105|26106,1,5,6.4,0.29293394777265747,17.2,102.8,11.2,0,False,True
