product_a,product_b,difference_pp,z,raw_p,holm_p
Loom,Trello,0.8661502431994234,0.5977286040038537,0.5500210362349466,1.0
Loom,Bitbucket,2.089044612673596,1.4476209796058226,0.14772308048473584,1.0
Loom,Confluence,2.478891774446895,1.7872571229849483,0.07389594058950147,0.7389594058950146
Loom,Jira,1.763539233719963,1.2540247519218801,0.20983300890966236,1.0
Trello,Bitbucket,1.2228943694741727,0.8529142305058205,0.3937068695331431,1.0
Trello,Confluence,1.612741531247472,1.1696973418968561,0.24212278822597583,1.0
Trello,Jira,0.8973889905205396,0.6418581241732376,0.5209653059778677,1.0
Bitbucket,Confluence,0.38984716177329903,0.2840149532535898,0.7763989212761504,1.0
Bitbucket,Jira,-0.3255053789536333,-0.2338268005166513,0.8151194424499949,1.0
Confluence,Jira,-0.7153525407269323,-0.5348551469574807,0.592750025870127,1.0
