scenario,p_solvable_hit_assumed,p_solvable_other_assumed,information_overhead_units,baseline_cases_processed,assisted_cases_processed,baseline_expected_hit_processed,assisted_expected_hit_processed,baseline_analytic_resolved_count,assisted_analytic_resolved_count,analytic_gain_count,baseline_analytic_rate_pct,assisted_analytic_rate_pct,analytic_gain_pp,baseline_mc_resolved_count,assisted_mc_resolved_count,mc_gain_count,mc_gain_standard_error_count,single_run_gain_count_p05,single_run_gain_count_p95,mc_probability_assisted_more
positive,0.8,0.2,0,10,10,5.0,6.0,5.0,5.6000000000000005,0.6000000000000005,25.0,28.000000000000004,3.0000000000000027,5.0027,5.6072,0.6045,0.006943543495912441,0.0,2.0,0.5394
positive,0.8,0.2,2,10,9,5.0,6.0,5.0,5.4,0.40000000000000036,25.0,27.0,2.0000000000000018,5.0027,5.4064,0.4037,0.00798993209617517,-1.0,2.0,0.4501
positive,0.8,0.2,4,10,8,5.0,6.0,5.0,5.200000000000001,0.20000000000000107,25.0,26.000000000000007,1.0000000000000053,5.0027,5.2112,0.2085,0.00894711015233454,-1.0,2.0,0.3763
positive,0.8,0.2,6,10,7,5.0,6.0,5.0,5.000000000000001,8.881784197001252e-16,25.0,25.000000000000007,4.440892098500626e-15,5.0027,5.0188,0.0161,0.009781290628778824,-2.0,1.0,0.3153
positive,0.8,0.2,8,10,6,5.0,6.0,5.0,4.800000000000001,-0.1999999999999993,25.0,24.000000000000004,-0.9999999999999963,5.0027,4.8248,-0.1779,0.010492672139015004,-2.0,1.0,0.263
unrelated,0.5,0.5,0,10,10,5.0,6.0,5.0,5.0,0.0,25.0,25.0,0.0,5.003,5.015,0.012,0.007042056450775269,-1.0,1.0,0.2156
unrelated,0.5,0.5,2,10,9,5.0,6.0,5.0,4.5,-0.5,25.0,22.5,-2.5,5.003,4.5154,-0.4876,0.008620444026007045,-2.0,1.0,0.1114
unrelated,0.5,0.5,4,10,8,5.0,6.0,5.0,4.0,-1.0,25.0,20.0,-5.0,5.003,4.0248,-0.9782,0.010003123624559719,-3.0,1.0,0.0618
unrelated,0.5,0.5,6,10,7,5.0,6.0,5.0,3.5,-1.5,25.0,17.5,-7.5,5.003,3.5325,-1.4705,0.011155510725285249,-3.0,0.0,0.0318
unrelated,0.5,0.5,8,10,6,5.0,6.0,5.0,3.0,-2.0,25.0,15.0,-10.0,5.003,3.0408,-1.9622,0.012246310187616558,-4.0,0.0,0.0177
reverse,0.2,0.8,0,10,10,5.0,6.0,5.0,4.4,-0.5999999999999996,25.0,22.000000000000004,-2.9999999999999982,4.9699,4.3721,-0.5978,0.006912907841819024,-2.0,0.0,0.0278
reverse,0.2,0.8,2,10,9,5.0,6.0,5.0,3.6000000000000005,-1.3999999999999995,25.0,18.000000000000004,-6.999999999999998,4.9699,3.5736,-1.3963,0.007999439361793443,-3.0,0.0,0.0058
reverse,0.2,0.8,4,10,8,5.0,6.0,5.0,2.8000000000000003,-2.1999999999999997,25.0,14.000000000000002,-10.999999999999998,4.9699,2.7833,-2.1866,0.008960249583982621,-4.0,-1.0,0.0009
reverse,0.2,0.8,6,10,7,5.0,6.0,5.0,2.0,-3.0,25.0,10.0,-15.0,4.9699,1.9902,-2.9797,0.009772325252164062,-4.0,-1.0,0.0001
reverse,0.2,0.8,8,10,6,5.0,6.0,5.0,1.2000000000000002,-3.8,25.0,6.000000000000001,-19.0,4.9699,1.1996,-3.7703,0.010561484057392191,-5.0,-2.0,0.0
