scenario,upgrade_net_contribution,assistance_cost_per_acceptor,incremental_fixed_cost_per_help_batch,control_setup_probability,help_setup_probability,control_upgrade_probability,help_upgrade_probability,setup_rate_difference,upgrade_rate_difference,expected_extra_cost,expected_incremental_profit,break_even_upgrade_rate_difference,all_amounts_are_hypothetical
paid_value_unlocked,100,0,0,0.4,0.64,0.16999999999999998,0.24199999999999997,0.24,0.07199999999999998,20.0,51.99999999999997,0.02,True
paid_value_unlocked,100,0,20,0.4,0.64,0.16999999999999998,0.24199999999999997,0.24,0.07199999999999998,40.0,31.99999999999997,0.04,True
paid_value_unlocked,100,0,100,0.4,0.64,0.16999999999999998,0.24199999999999997,0.24,0.07199999999999998,120.0,-48.00000000000003,0.12,True
paid_value_unlocked,100,5,0,0.4,0.64,0.16999999999999998,0.24199999999999997,0.24,0.07199999999999998,50.0,21.99999999999997,0.05,True
paid_value_unlocked,100,5,20,0.4,0.64,0.16999999999999998,0.24199999999999997,0.24,0.07199999999999998,70.0,1.9999999999999716,0.07,True
paid_value_unlocked,100,5,100,0.4,0.64,0.16999999999999998,0.24199999999999997,0.24,0.07199999999999998,150.0,-78.00000000000003,0.15,True
paid_value_unlocked,100,15,0,0.4,0.64,0.16999999999999998,0.24199999999999997,0.24,0.07199999999999998,110.0,-38.00000000000003,0.11,True
paid_value_unlocked,100,15,20,0.4,0.64,0.16999999999999998,0.24199999999999997,0.24,0.07199999999999998,130.0,-58.00000000000003,0.13,True
paid_value_unlocked,100,15,100,0.4,0.64,0.16999999999999998,0.24199999999999997,0.24,0.07199999999999998,210.0,-138.00000000000003,0.21,True
paid_value_unlocked,100,30,0,0.4,0.64,0.16999999999999998,0.24199999999999997,0.24,0.07199999999999998,200.0,-128.00000000000003,0.2,True
paid_value_unlocked,100,30,20,0.4,0.64,0.16999999999999998,0.24199999999999997,0.24,0.07199999999999998,220.0,-148.00000000000003,0.22,True
paid_value_unlocked,100,30,100,0.4,0.64,0.16999999999999998,0.24199999999999997,0.24,0.07199999999999998,300.0,-228.00000000000003,0.3,True
paid_value_unlocked,200,0,0,0.4,0.64,0.16999999999999998,0.24199999999999997,0.24,0.07199999999999998,20.0,123.99999999999994,0.01,True
paid_value_unlocked,200,0,20,0.4,0.64,0.16999999999999998,0.24199999999999997,0.24,0.07199999999999998,40.0,103.99999999999994,0.02,True
paid_value_unlocked,200,0,100,0.4,0.64,0.16999999999999998,0.24199999999999997,0.24,0.07199999999999998,120.0,23.999999999999943,0.06,True
paid_value_unlocked,200,5,0,0.4,0.64,0.16999999999999998,0.24199999999999997,0.24,0.07199999999999998,50.0,93.99999999999994,0.025,True
paid_value_unlocked,200,5,20,0.4,0.64,0.16999999999999998,0.24199999999999997,0.24,0.07199999999999998,70.0,73.99999999999994,0.035,True
paid_value_unlocked,200,5,100,0.4,0.64,0.16999999999999998,0.24199999999999997,0.24,0.07199999999999998,150.0,-6.000000000000057,0.075,True
paid_value_unlocked,200,15,0,0.4,0.64,0.16999999999999998,0.24199999999999997,0.24,0.07199999999999998,110.0,33.99999999999994,0.055,True
paid_value_unlocked,200,15,20,0.4,0.64,0.16999999999999998,0.24199999999999997,0.24,0.07199999999999998,130.0,13.999999999999943,0.065,True
paid_value_unlocked,200,15,100,0.4,0.64,0.16999999999999998,0.24199999999999997,0.24,0.07199999999999998,210.0,-66.00000000000006,0.105,True
paid_value_unlocked,200,30,0,0.4,0.64,0.16999999999999998,0.24199999999999997,0.24,0.07199999999999998,200.0,-56.00000000000006,0.1,True
paid_value_unlocked,200,30,20,0.4,0.64,0.16999999999999998,0.24199999999999997,0.24,0.07199999999999998,220.0,-76.00000000000006,0.11,True
paid_value_unlocked,200,30,100,0.4,0.64,0.16999999999999998,0.24199999999999997,0.24,0.07199999999999998,300.0,-156.00000000000006,0.15,True
paid_value_unlocked,400,0,0,0.4,0.64,0.16999999999999998,0.24199999999999997,0.24,0.07199999999999998,20.0,267.9999999999999,0.005,True
paid_value_unlocked,400,0,20,0.4,0.64,0.16999999999999998,0.24199999999999997,0.24,0.07199999999999998,40.0,247.9999999999999,0.01,True
paid_value_unlocked,400,0,100,0.4,0.64,0.16999999999999998,0.24199999999999997,0.24,0.07199999999999998,120.0,167.9999999999999,0.03,True
paid_value_unlocked,400,5,0,0.4,0.64,0.16999999999999998,0.24199999999999997,0.24,0.07199999999999998,50.0,237.9999999999999,0.0125,True
paid_value_unlocked,400,5,20,0.4,0.64,0.16999999999999998,0.24199999999999997,0.24,0.07199999999999998,70.0,217.9999999999999,0.0175,True
paid_value_unlocked,400,5,100,0.4,0.64,0.16999999999999998,0.24199999999999997,0.24,0.07199999999999998,150.0,137.9999999999999,0.0375,True
paid_value_unlocked,400,15,0,0.4,0.64,0.16999999999999998,0.24199999999999997,0.24,0.07199999999999998,110.0,177.9999999999999,0.0275,True
paid_value_unlocked,400,15,20,0.4,0.64,0.16999999999999998,0.24199999999999997,0.24,0.07199999999999998,130.0,157.9999999999999,0.0325,True
paid_value_unlocked,400,15,100,0.4,0.64,0.16999999999999998,0.24199999999999997,0.24,0.07199999999999998,210.0,77.99999999999989,0.0525,True
paid_value_unlocked,400,30,0,0.4,0.64,0.16999999999999998,0.24199999999999997,0.24,0.07199999999999998,200.0,87.99999999999989,0.05,True
paid_value_unlocked,400,30,20,0.4,0.64,0.16999999999999998,0.24199999999999997,0.24,0.07199999999999998,220.0,67.99999999999989,0.055,True
paid_value_unlocked,400,30,100,0.4,0.64,0.16999999999999998,0.24199999999999997,0.24,0.07199999999999998,300.0,-12.000000000000114,0.075,True
setup_only_no_upgrade_link,100,0,0,0.4,0.64,0.17,0.17,0.24,0.0,20.0,-20.0,0.02,True
setup_only_no_upgrade_link,100,0,20,0.4,0.64,0.17,0.17,0.24,0.0,40.0,-40.0,0.04,True
setup_only_no_upgrade_link,100,0,100,0.4,0.64,0.17,0.17,0.24,0.0,120.0,-120.0,0.12,True
setup_only_no_upgrade_link,100,5,0,0.4,0.64,0.17,0.17,0.24,0.0,50.0,-50.0,0.05,True
setup_only_no_upgrade_link,100,5,20,0.4,0.64,0.17,0.17,0.24,0.0,70.0,-70.0,0.07,True
setup_only_no_upgrade_link,100,5,100,0.4,0.64,0.17,0.17,0.24,0.0,150.0,-150.0,0.15,True
setup_only_no_upgrade_link,100,15,0,0.4,0.64,0.17,0.17,0.24,0.0,110.0,-110.0,0.11,True
setup_only_no_upgrade_link,100,15,20,0.4,0.64,0.17,0.17,0.24,0.0,130.0,-130.0,0.13,True
setup_only_no_upgrade_link,100,15,100,0.4,0.64,0.17,0.17,0.24,0.0,210.0,-210.0,0.21,True
setup_only_no_upgrade_link,100,30,0,0.4,0.64,0.17,0.17,0.24,0.0,200.0,-200.0,0.2,True
setup_only_no_upgrade_link,100,30,20,0.4,0.64,0.17,0.17,0.24,0.0,220.0,-220.0,0.22,True
setup_only_no_upgrade_link,100,30,100,0.4,0.64,0.17,0.17,0.24,0.0,300.0,-300.0,0.3,True
setup_only_no_upgrade_link,200,0,0,0.4,0.64,0.17,0.17,0.24,0.0,20.0,-20.0,0.01,True
setup_only_no_upgrade_link,200,0,20,0.4,0.64,0.17,0.17,0.24,0.0,40.0,-40.0,0.02,True
setup_only_no_upgrade_link,200,0,100,0.4,0.64,0.17,0.17,0.24,0.0,120.0,-120.0,0.06,True
setup_only_no_upgrade_link,200,5,0,0.4,0.64,0.17,0.17,0.24,0.0,50.0,-50.0,0.025,True
setup_only_no_upgrade_link,200,5,20,0.4,0.64,0.17,0.17,0.24,0.0,70.0,-70.0,0.035,True
setup_only_no_upgrade_link,200,5,100,0.4,0.64,0.17,0.17,0.24,0.0,150.0,-150.0,0.075,True
setup_only_no_upgrade_link,200,15,0,0.4,0.64,0.17,0.17,0.24,0.0,110.0,-110.0,0.055,True
setup_only_no_upgrade_link,200,15,20,0.4,0.64,0.17,0.17,0.24,0.0,130.0,-130.0,0.065,True
setup_only_no_upgrade_link,200,15,100,0.4,0.64,0.17,0.17,0.24,0.0,210.0,-210.0,0.105,True
setup_only_no_upgrade_link,200,30,0,0.4,0.64,0.17,0.17,0.24,0.0,200.0,-200.0,0.1,True
setup_only_no_upgrade_link,200,30,20,0.4,0.64,0.17,0.17,0.24,0.0,220.0,-220.0,0.11,True
setup_only_no_upgrade_link,200,30,100,0.4,0.64,0.17,0.17,0.24,0.0,300.0,-300.0,0.15,True
setup_only_no_upgrade_link,400,0,0,0.4,0.64,0.17,0.17,0.24,0.0,20.0,-20.0,0.005,True
setup_only_no_upgrade_link,400,0,20,0.4,0.64,0.17,0.17,0.24,0.0,40.0,-40.0,0.01,True
setup_only_no_upgrade_link,400,0,100,0.4,0.64,0.17,0.17,0.24,0.0,120.0,-120.0,0.03,True
setup_only_no_upgrade_link,400,5,0,0.4,0.64,0.17,0.17,0.24,0.0,50.0,-50.0,0.0125,True
setup_only_no_upgrade_link,400,5,20,0.4,0.64,0.17,0.17,0.24,0.0,70.0,-70.0,0.0175,True
setup_only_no_upgrade_link,400,5,100,0.4,0.64,0.17,0.17,0.24,0.0,150.0,-150.0,0.0375,True
setup_only_no_upgrade_link,400,15,0,0.4,0.64,0.17,0.17,0.24,0.0,110.0,-110.0,0.0275,True
setup_only_no_upgrade_link,400,15,20,0.4,0.64,0.17,0.17,0.24,0.0,130.0,-130.0,0.0325,True
setup_only_no_upgrade_link,400,15,100,0.4,0.64,0.17,0.17,0.24,0.0,210.0,-210.0,0.0525,True
setup_only_no_upgrade_link,400,30,0,0.4,0.64,0.17,0.17,0.24,0.0,200.0,-200.0,0.05,True
setup_only_no_upgrade_link,400,30,20,0.4,0.64,0.17,0.17,0.24,0.0,220.0,-220.0,0.055,True
setup_only_no_upgrade_link,400,30,100,0.4,0.64,0.17,0.17,0.24,0.0,300.0,-300.0,0.075,True
free_solution_reduces_upgrade,100,0,0,0.4,0.64,0.16999999999999998,0.122,0.24,-0.04799999999999999,20.0,-67.99999999999999,0.02,True
free_solution_reduces_upgrade,100,0,20,0.4,0.64,0.16999999999999998,0.122,0.24,-0.04799999999999999,40.0,-87.99999999999999,0.04,True
free_solution_reduces_upgrade,100,0,100,0.4,0.64,0.16999999999999998,0.122,0.24,-0.04799999999999999,120.0,-168.0,0.12,True
free_solution_reduces_upgrade,100,5,0,0.4,0.64,0.16999999999999998,0.122,0.24,-0.04799999999999999,50.0,-97.99999999999999,0.05,True
free_solution_reduces_upgrade,100,5,20,0.4,0.64,0.16999999999999998,0.122,0.24,-0.04799999999999999,70.0,-117.99999999999999,0.07,True
free_solution_reduces_upgrade,100,5,100,0.4,0.64,0.16999999999999998,0.122,0.24,-0.04799999999999999,150.0,-198.0,0.15,True
free_solution_reduces_upgrade,100,15,0,0.4,0.64,0.16999999999999998,0.122,0.24,-0.04799999999999999,110.0,-158.0,0.11,True
free_solution_reduces_upgrade,100,15,20,0.4,0.64,0.16999999999999998,0.122,0.24,-0.04799999999999999,130.0,-178.0,0.13,True
free_solution_reduces_upgrade,100,15,100,0.4,0.64,0.16999999999999998,0.122,0.24,-0.04799999999999999,210.0,-258.0,0.21,True
free_solution_reduces_upgrade,100,30,0,0.4,0.64,0.16999999999999998,0.122,0.24,-0.04799999999999999,200.0,-248.0,0.2,True
free_solution_reduces_upgrade,100,30,20,0.4,0.64,0.16999999999999998,0.122,0.24,-0.04799999999999999,220.0,-268.0,0.22,True
free_solution_reduces_upgrade,100,30,100,0.4,0.64,0.16999999999999998,0.122,0.24,-0.04799999999999999,300.0,-348.0,0.3,True
free_solution_reduces_upgrade,200,0,0,0.4,0.64,0.16999999999999998,0.122,0.24,-0.04799999999999999,20.0,-115.99999999999997,0.01,True
free_solution_reduces_upgrade,200,0,20,0.4,0.64,0.16999999999999998,0.122,0.24,-0.04799999999999999,40.0,-135.99999999999997,0.02,True
free_solution_reduces_upgrade,200,0,100,0.4,0.64,0.16999999999999998,0.122,0.24,-0.04799999999999999,120.0,-215.99999999999997,0.06,True
free_solution_reduces_upgrade,200,5,0,0.4,0.64,0.16999999999999998,0.122,0.24,-0.04799999999999999,50.0,-145.99999999999997,0.025,True
free_solution_reduces_upgrade,200,5,20,0.4,0.64,0.16999999999999998,0.122,0.24,-0.04799999999999999,70.0,-165.99999999999997,0.035,True
free_solution_reduces_upgrade,200,5,100,0.4,0.64,0.16999999999999998,0.122,0.24,-0.04799999999999999,150.0,-245.99999999999997,0.075,True
free_solution_reduces_upgrade,200,15,0,0.4,0.64,0.16999999999999998,0.122,0.24,-0.04799999999999999,110.0,-205.99999999999997,0.055,True
free_solution_reduces_upgrade,200,15,20,0.4,0.64,0.16999999999999998,0.122,0.24,-0.04799999999999999,130.0,-225.99999999999997,0.065,True
free_solution_reduces_upgrade,200,15,100,0.4,0.64,0.16999999999999998,0.122,0.24,-0.04799999999999999,210.0,-306.0,0.105,True
free_solution_reduces_upgrade,200,30,0,0.4,0.64,0.16999999999999998,0.122,0.24,-0.04799999999999999,200.0,-296.0,0.1,True
free_solution_reduces_upgrade,200,30,20,0.4,0.64,0.16999999999999998,0.122,0.24,-0.04799999999999999,220.0,-316.0,0.11,True
free_solution_reduces_upgrade,200,30,100,0.4,0.64,0.16999999999999998,0.122,0.24,-0.04799999999999999,300.0,-396.0,0.15,True
free_solution_reduces_upgrade,400,0,0,0.4,0.64,0.16999999999999998,0.122,0.24,-0.04799999999999999,20.0,-211.99999999999994,0.005,True
free_solution_reduces_upgrade,400,0,20,0.4,0.64,0.16999999999999998,0.122,0.24,-0.04799999999999999,40.0,-231.99999999999994,0.01,True
free_solution_reduces_upgrade,400,0,100,0.4,0.64,0.16999999999999998,0.122,0.24,-0.04799999999999999,120.0,-311.99999999999994,0.03,True
free_solution_reduces_upgrade,400,5,0,0.4,0.64,0.16999999999999998,0.122,0.24,-0.04799999999999999,50.0,-241.99999999999994,0.0125,True
free_solution_reduces_upgrade,400,5,20,0.4,0.64,0.16999999999999998,0.122,0.24,-0.04799999999999999,70.0,-261.99999999999994,0.0175,True
free_solution_reduces_upgrade,400,5,100,0.4,0.64,0.16999999999999998,0.122,0.24,-0.04799999999999999,150.0,-341.99999999999994,0.0375,True
free_solution_reduces_upgrade,400,15,0,0.4,0.64,0.16999999999999998,0.122,0.24,-0.04799999999999999,110.0,-301.99999999999994,0.0275,True
free_solution_reduces_upgrade,400,15,20,0.4,0.64,0.16999999999999998,0.122,0.24,-0.04799999999999999,130.0,-321.99999999999994,0.0325,True
free_solution_reduces_upgrade,400,15,100,0.4,0.64,0.16999999999999998,0.122,0.24,-0.04799999999999999,210.0,-401.99999999999994,0.0525,True
free_solution_reduces_upgrade,400,30,0,0.4,0.64,0.16999999999999998,0.122,0.24,-0.04799999999999999,200.0,-391.99999999999994,0.05,True
free_solution_reduces_upgrade,400,30,20,0.4,0.64,0.16999999999999998,0.122,0.24,-0.04799999999999999,220.0,-411.99999999999994,0.055,True
free_solution_reduces_upgrade,400,30,100,0.4,0.64,0.16999999999999998,0.122,0.24,-0.04799999999999999,300.0,-491.99999999999994,0.075,True
no_setup_improvement,100,0,0,0.4,0.4,0.16999999999999998,0.16999999999999998,0.0,0.0,20.0,-20.0,0.02,True
no_setup_improvement,100,0,20,0.4,0.4,0.16999999999999998,0.16999999999999998,0.0,0.0,40.0,-40.0,0.04,True
no_setup_improvement,100,0,100,0.4,0.4,0.16999999999999998,0.16999999999999998,0.0,0.0,120.0,-120.0,0.12,True
no_setup_improvement,100,5,0,0.4,0.4,0.16999999999999998,0.16999999999999998,0.0,0.0,50.0,-50.0,0.05,True
no_setup_improvement,100,5,20,0.4,0.4,0.16999999999999998,0.16999999999999998,0.0,0.0,70.0,-70.0,0.07,True
no_setup_improvement,100,5,100,0.4,0.4,0.16999999999999998,0.16999999999999998,0.0,0.0,150.0,-150.0,0.15,True
no_setup_improvement,100,15,0,0.4,0.4,0.16999999999999998,0.16999999999999998,0.0,0.0,110.0,-110.0,0.11,True
no_setup_improvement,100,15,20,0.4,0.4,0.16999999999999998,0.16999999999999998,0.0,0.0,130.0,-130.0,0.13,True
no_setup_improvement,100,15,100,0.4,0.4,0.16999999999999998,0.16999999999999998,0.0,0.0,210.0,-210.0,0.21,True
no_setup_improvement,100,30,0,0.4,0.4,0.16999999999999998,0.16999999999999998,0.0,0.0,200.0,-200.0,0.2,True
no_setup_improvement,100,30,20,0.4,0.4,0.16999999999999998,0.16999999999999998,0.0,0.0,220.0,-220.0,0.22,True
no_setup_improvement,100,30,100,0.4,0.4,0.16999999999999998,0.16999999999999998,0.0,0.0,300.0,-300.0,0.3,True
no_setup_improvement,200,0,0,0.4,0.4,0.16999999999999998,0.16999999999999998,0.0,0.0,20.0,-20.0,0.01,True
no_setup_improvement,200,0,20,0.4,0.4,0.16999999999999998,0.16999999999999998,0.0,0.0,40.0,-40.0,0.02,True
no_setup_improvement,200,0,100,0.4,0.4,0.16999999999999998,0.16999999999999998,0.0,0.0,120.0,-120.0,0.06,True
no_setup_improvement,200,5,0,0.4,0.4,0.16999999999999998,0.16999999999999998,0.0,0.0,50.0,-50.0,0.025,True
no_setup_improvement,200,5,20,0.4,0.4,0.16999999999999998,0.16999999999999998,0.0,0.0,70.0,-70.0,0.035,True
no_setup_improvement,200,5,100,0.4,0.4,0.16999999999999998,0.16999999999999998,0.0,0.0,150.0,-150.0,0.075,True
no_setup_improvement,200,15,0,0.4,0.4,0.16999999999999998,0.16999999999999998,0.0,0.0,110.0,-110.0,0.055,True
no_setup_improvement,200,15,20,0.4,0.4,0.16999999999999998,0.16999999999999998,0.0,0.0,130.0,-130.0,0.065,True
no_setup_improvement,200,15,100,0.4,0.4,0.16999999999999998,0.16999999999999998,0.0,0.0,210.0,-210.0,0.105,True
no_setup_improvement,200,30,0,0.4,0.4,0.16999999999999998,0.16999999999999998,0.0,0.0,200.0,-200.0,0.1,True
no_setup_improvement,200,30,20,0.4,0.4,0.16999999999999998,0.16999999999999998,0.0,0.0,220.0,-220.0,0.11,True
no_setup_improvement,200,30,100,0.4,0.4,0.16999999999999998,0.16999999999999998,0.0,0.0,300.0,-300.0,0.15,True
no_setup_improvement,400,0,0,0.4,0.4,0.16999999999999998,0.16999999999999998,0.0,0.0,20.0,-20.0,0.005,True
no_setup_improvement,400,0,20,0.4,0.4,0.16999999999999998,0.16999999999999998,0.0,0.0,40.0,-40.0,0.01,True
no_setup_improvement,400,0,100,0.4,0.4,0.16999999999999998,0.16999999999999998,0.0,0.0,120.0,-120.0,0.03,True
no_setup_improvement,400,5,0,0.4,0.4,0.16999999999999998,0.16999999999999998,0.0,0.0,50.0,-50.0,0.0125,True
no_setup_improvement,400,5,20,0.4,0.4,0.16999999999999998,0.16999999999999998,0.0,0.0,70.0,-70.0,0.0175,True
no_setup_improvement,400,5,100,0.4,0.4,0.16999999999999998,0.16999999999999998,0.0,0.0,150.0,-150.0,0.0375,True
no_setup_improvement,400,15,0,0.4,0.4,0.16999999999999998,0.16999999999999998,0.0,0.0,110.0,-110.0,0.0275,True
no_setup_improvement,400,15,20,0.4,0.4,0.16999999999999998,0.16999999999999998,0.0,0.0,130.0,-130.0,0.0325,True
no_setup_improvement,400,15,100,0.4,0.4,0.16999999999999998,0.16999999999999998,0.0,0.0,210.0,-210.0,0.0525,True
no_setup_improvement,400,30,0,0.4,0.4,0.16999999999999998,0.16999999999999998,0.0,0.0,200.0,-200.0,0.05,True
no_setup_improvement,400,30,20,0.4,0.4,0.16999999999999998,0.16999999999999998,0.0,0.0,220.0,-220.0,0.055,True
no_setup_improvement,400,30,100,0.4,0.4,0.16999999999999998,0.16999999999999998,0.0,0.0,300.0,-300.0,0.075,True
