scenario,batch_incremental_profit,probability
paid_value_unlocked,-2190,3.968123724404959e-12
paid_value_unlocked,-2175,3.092528348597292e-11
paid_value_unlocked,-2160,1.0845627588742617e-10
paid_value_unlocked,-2145,2.253989583388138e-10
paid_value_unlocked,-2130,3.0741031641983767e-10
paid_value_unlocked,-2115,2.874935916940454e-10
paid_value_unlocked,-2100,1.8671336549769774e-10
paid_value_unlocked,-2085,8.315068725048378e-11
paid_value_unlocked,-2070,2.4301081133063928e-11
paid_value_unlocked,-2055,4.208637942711126e-12
paid_value_unlocked,-2040,3.2799713544133666e-13
paid_value_unlocked,-1990,2.0994563466487212e-10
paid_value_unlocked,-1975,1.6298986664164594e-09
paid_value_unlocked,-1960,5.694038385841517e-09
paid_value_unlocked,-1945,1.1787721369816097e-08
paid_value_unlocked,-1930,1.6014082621709905e-08
paid_value_unlocked,-1915,1.4918007777827047e-08
paid_value_unlocked,-1900,9.650513293736026e-09
paid_value_unlocked,-1885,4.280814940451284e-09
paid_value_unlocked,-1870,1.2461347758073223e-09
paid_value_unlocked,-1855,2.1495767114029038e-10
paid_value_unlocked,-1840,1.6685779150941988e-11
paid_value_unlocked,-1790,5.07764742453261e-09
paid_value_unlocked,-1775,3.924166693207492e-08
paid_value_unlocked,-1760,1.3646722232231675e-07
paid_value_unlocked,-1745,2.8122168138883194e-07
paid_value_unlocked,-1730,3.80295975008784e-07
paid_value_unlocked,-1715,3.5263129631945815e-07
paid_value_unlocked,-1700,2.2705983515496926e-07
paid_value_unlocked,-1685,1.0025029111476382e-07
paid_value_unlocked,-1670,2.904576191027966e-08
paid_value_unlocked,-1655,4.9867596569978625e-09
paid_value_unlocked,-1640,3.8525541597140645e-10
paid_value_unlocked,-1590,7.429116137383332e-08
paid_value_unlocked,-1575,5.71059638412272e-07
paid_value_unlocked,-1560,1.9751778243780894e-06
paid_value_unlocked,-1545,4.0481320444495916e-06
paid_value_unlocked,-1530,5.444269009997548e-06
paid_value_unlocked,-1515,5.020354646911162e-06
paid_value_unlocked,-1500,3.214645104350296e-06
paid_value_unlocked,-1485,1.411369590597439e-06
paid_value_unlocked,-1470,4.066148682638945e-07
paid_value_unlocked,-1455,6.941398813880162e-08
paid_value_unlocked,-1440,5.331971665485389e-09
paid_value_unlocked,-1390,7.334212195626343e-07
paid_value_unlocked,-1375,5.601202022531495e-06
paid_value_unlocked,-1360,1.9247087158625407e-05
paid_value_unlocked,-1345,3.918750806147738e-05
paid_value_unlocked,-1330,5.235297438795373e-05
paid_value_unlocked,-1315,4.7953370044164385e-05
paid_value_unlocked,-1300,3.049821023643231e-05
paid_value_unlocked,-1285,1.329877884004618e-05
paid_value_unlocked,-1270,3.805016204385134e-06
paid_value_unlocked,-1255,6.450516631116997e-07
paid_value_unlocked,-1240,4.9201801091215554e-08
paid_value_unlocked,-1190,5.160180195694745e-06
paid_value_unlocked,-1175,3.9098393256076673e-05
paid_value_unlocked,-1160,0.000133281629525522
paid_value_unlocked,-1145,0.00026917882959779944
paid_value_unlocked,-1130,0.00035668261951205004
paid_value_unlocked,-1115,0.0003240151923379653
paid_value_unlocked,-1100,0.00020435416025399176
paid_value_unlocked,-1085,8.835678248639653e-05
paid_value_unlocked,-1070,2.506447291177121e-05
paid_value_unlocked,-1055,4.212347760245057e-06
paid_value_unlocked,-1040,3.1848634638362437e-07
paid_value_unlocked,-990,2.6651487386955172e-05
paid_value_unlocked,-975,0.00019997356861785513
paid_value_unlocked,-960,0.0006749615406431788
paid_value_unlocked,-945,0.0013495240292332679
paid_value_unlocked,-930,0.00177005391059054
paid_value_unlocked,-915,0.0015913524325461234
paid_value_unlocked,-900,0.0009931394601393998
paid_value_unlocked,-885,0.00042483399516625697
paid_value_unlocked,-870,0.0001192105917017698
paid_value_unlocked,-855,1.9814310019152914e-05
paid_value_unlocked,-840,1.4813672139314388e-06
paid_value_unlocked,-790,0.00010262680787997887
paid_value_unlocked,-775,0.0007606774944721895
paid_value_unlocked,-760,0.002535682583724417
paid_value_unlocked,-745,0.005005868918014223
paid_value_unlocked,-730,0.0064812530995358416
paid_value_unlocked,-715,0.005750404485202447
paid_value_unlocked,-700,0.0035406469781362345
paid_value_unlocked,-685,0.0014938515472871685
paid_value_unlocked,-670,0.00041332192853963415
paid_value_unlocked,-655,6.771757734266156e-05
paid_value_unlocked,-640,4.988739391273553e-06
paid_value_unlocked,-590,0.00029662657490992666
paid_value_unlocked,-575,0.0021648558075614585
paid_value_unlocked,-560,0.00710294159680108
paid_value_unlocked,-545,0.013796369821163015
paid_value_unlocked,-530,0.017567256403803216
paid_value_unlocked,-515,0.015321818835145775
paid_value_unlocked,-500,0.009269531043089434
paid_value_unlocked,-485,0.0038408725750100794
paid_value_unlocked,-470,0.0010431075926729614
paid_value_unlocked,-455,0.0001676550593890529
paid_value_unlocked,-440,1.2109358787711401e-05
paid_value_unlocked,-390,0.0006443717260537607
paid_value_unlocked,-375,0.004611115706388595
paid_value_unlocked,-360,0.014825213391114983
paid_value_unlocked,-345,0.028198796517068938
paid_value_unlocked,-330,0.035137479274351395
paid_value_unlocked,-315,0.02996775443224549
paid_value_unlocked,-300,0.017714593252148553
paid_value_unlocked,-285,0.007165697346147329
paid_value_unlocked,-270,0.0018980536364624524
paid_value_unlocked,-255,0.00029724111220952917
paid_value_unlocked,-240,2.0895377699859492e-05
paid_value_unlocked,-190,0.0010507638634861339
paid_value_unlocked,-175,0.00733421283469227
paid_value_unlocked,-160,0.022978235331293794
paid_value_unlocked,-145,0.042547212318288646
paid_value_unlocked,-130,0.05155320598291026
paid_value_unlocked,-115,0.04270334812480707
paid_value_unlocked,-100,0.02448456926404543
paid_value_unlocked,-85,0.009592910120600035
paid_value_unlocked,-70,0.0024572330037488147
paid_value_unlocked,-55,0.000371481071290554
paid_value_unlocked,-40,2.5161069037783196e-05
paid_value_unlocked,10,0.0012850064164137548
paid_value_unlocked,25,0.008696215249830478
paid_value_unlocked,40,0.026380755312247536
paid_value_unlocked,55,0.04722832652535731
paid_value_unlocked,70,0.05524065290160223
paid_value_unlocked,85,0.044094448710064287
paid_value_unlocked,100,0.024316914283833216
paid_value_unlocked,115,0.009144366358772646
paid_value_unlocked,130,0.0022430382091319302
paid_value_unlocked,145,0.0003238971574680316
paid_value_unlocked,160,2.089537769985949e-05
paid_value_unlocked,210,0.0011796351297219693
paid_value_unlocked,225,0.007692609249689646
paid_value_unlocked,240,0.022449644744491525
paid_value_unlocked,255,0.03859483637323605
paid_value_unlocked,270,0.043267364282837735
paid_value_unlocked,285,0.033035026130286645
paid_value_unlocked,300,0.017387870667204944
paid_value_unlocked,315,0.006226510632550543
paid_value_unlocked,330,0.001450923163174389
paid_value_unlocked,345,0.00019855065941439733
paid_value_unlocked,360,1.2109358787711401e-05
paid_value_unlocked,410,0.0008138929400269056
paid_value_unlocked,425,0.0050839493888597855
paid_value_unlocked,440,0.014185729182676118
paid_value_unlocked,455,0.023273395041754266
paid_value_unlocked,470,0.024850015639578775
paid_value_unlocked,485,0.01803466809769452
paid_value_unlocked,500,0.009004898650198911
paid_value_unlocked,515,0.003053023567571207
paid_value_unlocked,530,0.0006723399645547196
paid_value_unlocked,545,8.680984716043417e-05
paid_value_unlocked,560,4.988739391273552e-06
paid_value_unlocked,610,0.00042149917818030437
paid_value_unlocked,625,0.0025075522936978973
paid_value_unlocked,640,0.006651771741760822
paid_value_unlocked,655,0.010356361666429444
paid_value_unlocked,670,0.010475768584219626
paid_value_unlocked,685,0.007190786927567794
paid_value_unlocked,700,0.003390993451553606
paid_value_unlocked,715,0.0010845033639220536
paid_value_unlocked,730,0.00022508360551370954
paid_value_unlocked,745,2.737337730498308e-05
paid_value_unlocked,760,1.4813672139314386e-06
paid_value_unlocked,810,0.00016274549235435724
paid_value_unlocked,825,0.0009169492410226265
paid_value_unlocked,840,0.0023000584152417327
paid_value_unlocked,855,0.003381453981630488
paid_value_unlocked,870,0.0032259344318737167
paid_value_unlocked,885,0.0020864743397512077
paid_value_unlocked,900,0.0009265327840133372
paid_value_unlocked,915,0.00027896065014595305
paid_value_unlocked,930,5.450912996196729e-05
paid_value_unlocked,945,6.2437985876388326e-06
paid_value_unlocked,960,3.1848634638362437e-07
paid_value_unlocked,1010,4.612818767633238e-05
paid_value_unlocked,1025,0.00024474964776631313
paid_value_unlocked,1040,0.0005775405569571224
paid_value_unlocked,1055,0.0007981694199988311
paid_value_unlocked,1070,0.0007155325485617897
paid_value_unlocked,1085,0.0004348776569746535
paid_value_unlocked,1100,0.00018153284803732839
paid_value_unlocked,1115,5.141464371811842e-05
paid_value_unlocked,1130,9.46016692076347e-06
paid_value_unlocked,1145,1.0216494319176017e-06
paid_value_unlocked,1160,4.9201801091215554e-08
paid_value_unlocked,1210,9.317918099241589e-06
paid_value_unlocked,1225,4.628219952593805e-05
paid_value_unlocked,1240,0.00010222286713076053
paid_value_unlocked,1255,0.00013227039189717127
paid_value_unlocked,1270,0.00011109998878489682
paid_value_unlocked,1285,6.333563188017664e-05
paid_value_unlocked,1300,2.4833825876957996e-05
paid_value_unlocked,1315,6.617444460793196e-06
paid_value_unlocked,1330,1.1475967276242469e-06
paid_value_unlocked,1345,1.1702762597375265e-07
paid_value_unlocked,1360,5.331971665485389e-09
paid_value_unlocked,1410,1.270027436041177e-06
paid_value_unlocked,1425,5.867541496778801e-06
paid_value_unlocked,1440,1.2069674108855024e-05
paid_value_unlocked,1455,1.4570539578974398e-05
paid_value_unlocked,1470,1.1441929771303911e-05
paid_value_unlocked,1485,6.112262813578232e-06
paid_value_unlocked,1500,2.25115684438802e-06
paid_value_unlocked,1515,5.648187708362693e-07
paid_value_unlocked,1530,9.244821622704946e-08
paid_value_unlocked,1545,8.918494589661403e-09
paid_value_unlocked,1560,3.8525541597140645e-10
paid_value_unlocked,1610,1.0471917944237037e-07
paid_value_unlocked,1625,4.4679368971164e-07
paid_value_unlocked,1640,8.517703650298819e-07
paid_value_unlocked,1655,9.564813337338548e-07
paid_value_unlocked,1670,7.012067713390666e-07
paid_value_unlocked,1685,3.509120128574443e-07
paid_value_unlocked,1700,1.2146930845808423e-07
paid_value_unlocked,1715,2.8731267748927384e-08
paid_value_unlocked,1730,4.445849454365547e-09
paid_value_unlocked,1745,4.0653075565146004e-10
paid_value_unlocked,1760,1.6685779150941995e-11
paid_value_unlocked,1810,3.94705707669567e-09
paid_value_unlocked,1825,1.5425280529615262e-08
paid_value_unlocked,1840,2.7127217483116503e-08
paid_value_unlocked,1855,2.827051017397582e-08
paid_value_unlocked,1870,1.933442937185703e-08
paid_value_unlocked,1885,9.067180670939849e-09
paid_value_unlocked,1900,2.952913245325239e-09
paid_value_unlocked,1915,6.594354702204147e-10
paid_value_unlocked,1930,9.664140511850906e-11
paid_value_unlocked,1945,8.3928678774695e-12
paid_value_unlocked,1960,3.279971354413368e-13
setup_only_no_upgrade_link,-2190,1.8913967627612767e-11
setup_only_no_upgrade_link,-2175,1.2609311751741844e-10
setup_only_no_upgrade_link,-2160,3.7827935255225545e-10
setup_only_no_upgrade_link,-2145,6.724966267595653e-10
setup_only_no_upgrade_link,-2130,7.845793978861597e-10
setup_only_no_upgrade_link,-2115,6.276635183089278e-10
setup_only_no_upgrade_link,-2100,3.48701954616071e-10
setup_only_no_upgrade_link,-2085,1.328388398537414e-10
setup_only_no_upgrade_link,-2070,3.320970996343536e-11
setup_only_no_upgrade_link,-2055,4.919957031620054e-12
setup_only_no_upgrade_link,-2040,3.2799713544133706e-13
setup_only_no_upgrade_link,-1990,9.621861065273171e-10
setup_only_no_upgrade_link,-1975,6.414574043515448e-09
setup_only_no_upgrade_link,-1960,1.9243722130546347e-08
setup_only_no_upgrade_link,-1945,3.421106156541574e-08
setup_only_no_upgrade_link,-1930,3.99129051596517e-08
setup_only_no_upgrade_link,-1915,3.1930324127721365e-08
setup_only_no_upgrade_link,-1900,1.7739068959845205e-08
setup_only_no_upgrade_link,-1885,6.757740556131508e-09
setup_only_no_upgrade_link,-1870,1.6894351390328776e-09
setup_only_no_upgrade_link,-1855,2.5028668726413007e-10
setup_only_no_upgrade_link,-1840,1.6685779150942008e-11
setup_only_no_upgrade_link,-1790,2.2215768611030815e-08
setup_only_no_upgrade_link,-1775,1.481051240735388e-07
setup_only_no_upgrade_link,-1760,4.443153722206165e-07
setup_only_no_upgrade_link,-1745,7.89893995058874e-07
setup_only_no_upgrade_link,-1730,9.21542994235353e-07
setup_only_no_upgrade_link,-1715,7.372343953882825e-07
setup_only_no_upgrade_link,-1700,4.095746641046014e-07
setup_only_no_upgrade_link,-1685,1.5602844346841964e-07
setup_only_no_upgrade_link,-1670,3.9007110867104923e-08
setup_only_no_upgrade_link,-1655,5.778831239571101e-09
setup_only_no_upgrade_link,-1640,3.8525541597140686e-10
setup_only_no_upgrade_link,-1590,3.0746835437035774e-07
setup_only_no_upgrade_link,-1575,2.0497890291357186e-06
setup_only_no_upgrade_link,-1560,6.1493670874071565e-06
setup_only_no_upgrade_link,-1545,1.0932208155390504e-05
setup_only_no_upgrade_link,-1530,1.2754242847955589e-05
setup_only_no_upgrade_link,-1515,1.0203394278364473e-05
setup_only_no_upgrade_link,-1500,5.668552376869153e-06
setup_only_no_upgrade_link,-1485,2.1594485245215824e-06
setup_only_no_upgrade_link,-1470,5.398621311303957e-07
setup_only_no_upgrade_link,-1455,7.997957498228086e-08
setup_only_no_upgrade_link,-1440,5.331971665485393e-09
setup_only_no_upgrade_link,-1390,2.837223781870296e-06
setup_only_no_upgrade_link,-1375,1.891482521246865e-05
setup_only_no_upgrade_link,-1360,5.674447563740595e-05
setup_only_no_upgrade_link,-1345,0.00010087906779983281
setup_only_no_upgrade_link,-1330,0.00011769224576647164
setup_only_no_upgrade_link,-1315,9.415379661317732e-05
setup_only_no_upgrade_link,-1300,5.230766478509852e-05
setup_only_no_upgrade_link,-1285,1.9926729441942296e-05
setup_only_no_upgrade_link,-1270,4.981682360485576e-06
setup_only_no_upgrade_link,-1255,7.380270163682336e-07
setup_only_no_upgrade_link,-1240,4.920180109121558e-08
setup_only_no_upgrade_link,-1190,1.8365527605084575e-05
setup_only_no_upgrade_link,-1175,0.00012243685070056386
setup_only_no_upgrade_link,-1160,0.0003673105521016917
setup_only_no_upgrade_link,-1145,0.0006529965370696742
setup_only_no_upgrade_link,-1130,0.0007618292932479533
setup_only_no_upgrade_link,-1115,0.0006094634345983628
setup_only_no_upgrade_link,-1100,0.00033859079699909036
setup_only_no_upgrade_link,-1085,0.0001289869702853678
setup_only_no_upgrade_link,-1070,3.2246742571341964e-05
setup_only_no_upgrade_link,-1055,4.7772951957543654e-06
setup_only_no_upgrade_link,-1040,3.1848634638362447e-07
setup_only_no_upgrade_link,-990,8.542309825726306e-05
setup_only_no_upgrade_link,-975,0.0005694873217150871
setup_only_no_upgrade_link,-960,0.0017084619651452618
setup_only_no_upgrade_link,-945,0.0030372657158137997
setup_only_no_upgrade_link,-930,0.0035434766684494332
setup_only_no_upgrade_link,-915,0.002834781334759547
setup_only_no_upgrade_link,-900,0.0015748785193108598
setup_only_no_upgrade_link,-885,0.0005999537216422325
setup_only_no_upgrade_link,-870,0.00014998843041055815
setup_only_no_upgrade_link,-855,2.2220508208971583e-05
setup_only_no_upgrade_link,-840,1.481367213931439e-06
setup_only_no_upgrade_link,-790,0.0002876758518704214
setup_only_no_upgrade_link,-775,0.0019178390124694761
setup_only_no_upgrade_link,-760,0.005753517037408428
setup_only_no_upgrade_link,-745,0.010228474733170541
setup_only_no_upgrade_link,-730,0.011933220522032302
setup_only_no_upgrade_link,-715,0.009546576417625846
setup_only_no_upgrade_link,-700,0.005303653565347689
setup_only_no_upgrade_link,-685,0.0020204394534657877
setup_only_no_upgrade_link,-670,0.0005051098633664469
setup_only_no_upgrade_link,-655,7.483109086910329e-05
setup_only_no_upgrade_link,-640,4.988739391273552e-06
setup_only_no_upgrade_link,-590,0.0006982866475152045
setup_only_no_upgrade_link,-575,0.00465524431676803
setup_only_no_upgrade_link,-560,0.013965732950304092
setup_only_no_upgrade_link,-545,0.0248279696894295
setup_only_no_upgrade_link,-530,0.02896596463766776
setup_only_no_upgrade_link,-515,0.02317277171013421
setup_only_no_upgrade_link,-500,0.012873762061185672
setup_only_no_upgrade_link,-485,0.004904290309023114
setup_only_no_upgrade_link,-470,0.001226072577255779
setup_only_no_upgrade_link,-455,0.00018164038181567096
setup_only_no_upgrade_link,-440,1.2109358787711401e-05
setup_only_no_upgrade_link,-390,0.001204932771288087
setup_only_no_upgrade_link,-375,0.00803288514192058
setup_only_no_upgrade_link,-360,0.024098655425761745
setup_only_no_upgrade_link,-345,0.0428420540902431
setup_only_no_upgrade_link,-330,0.04998239643861696
setup_only_no_upgrade_link,-315,0.03998591715089358
setup_only_no_upgrade_link,-300,0.022214398417163096
setup_only_no_upgrade_link,-285,0.008462627968443085
setup_only_no_upgrade_link,-270,0.0021156569921107716
setup_only_no_upgrade_link,-255,0.0003134306654978922
setup_only_no_upgrade_link,-240,2.0895377699859486e-05
setup_only_no_upgrade_link,-190,0.0014509140289180249
setup_only_no_upgrade_link,-175,0.009672760192786834
setup_only_no_upgrade_link,-160,0.0290182805783605
setup_only_no_upgrade_link,-145,0.051588054361529787
setup_only_no_upgrade_link,-130,0.06018606342178477
setup_only_no_upgrade_link,-115,0.04814885073742781
setup_only_no_upgrade_link,-100,0.026749361520793227
setup_only_no_upgrade_link,-85,0.010190232960302185
setup_only_no_upgrade_link,-70,0.0025475582400755464
setup_only_no_upgrade_link,-55,0.0003774160355667478
setup_only_no_upgrade_link,-40,2.516106903778319e-05
setup_only_no_upgrade_link,10,0.001204932771288087
setup_only_no_upgrade_link,25,0.008032885141920581
setup_only_no_upgrade_link,40,0.02409865542576175
setup_only_no_upgrade_link,55,0.0428420540902431
setup_only_no_upgrade_link,70,0.04998239643861696
setup_only_no_upgrade_link,85,0.03998591715089358
setup_only_no_upgrade_link,100,0.022214398417163096
setup_only_no_upgrade_link,115,0.008462627968443085
setup_only_no_upgrade_link,130,0.0021156569921107716
setup_only_no_upgrade_link,145,0.0003134306654978921
setup_only_no_upgrade_link,160,2.0895377699859482e-05
setup_only_no_upgrade_link,210,0.0006982866475152048
setup_only_no_upgrade_link,225,0.004655244316768031
setup_only_no_upgrade_link,240,0.013965732950304092
setup_only_no_upgrade_link,255,0.024827969689429498
setup_only_no_upgrade_link,270,0.028965964637667756
setup_only_no_upgrade_link,285,0.023172771710134207
setup_only_no_upgrade_link,300,0.012873762061185673
setup_only_no_upgrade_link,315,0.004904290309023113
setup_only_no_upgrade_link,330,0.0012260725772557785
setup_only_no_upgrade_link,345,0.00018164038181567085
setup_only_no_upgrade_link,360,1.2109358787711396e-05
setup_only_no_upgrade_link,410,0.00028767585187042147
setup_only_no_upgrade_link,425,0.0019178390124694768
setup_only_no_upgrade_link,440,0.005753517037408429
setup_only_no_upgrade_link,455,0.010228474733170541
setup_only_no_upgrade_link,470,0.011933220522032302
setup_only_no_upgrade_link,485,0.009546576417625845
setup_only_no_upgrade_link,500,0.00530365356534769
setup_only_no_upgrade_link,515,0.0020204394534657872
setup_only_no_upgrade_link,530,0.0005051098633664468
setup_only_no_upgrade_link,545,7.483109086910326e-05
setup_only_no_upgrade_link,560,4.98873939127355e-06
setup_only_no_upgrade_link,610,8.542309825726307e-05
setup_only_no_upgrade_link,625,0.0005694873217150873
setup_only_no_upgrade_link,640,0.001708461965145262
setup_only_no_upgrade_link,655,0.0030372657158137992
setup_only_no_upgrade_link,670,0.0035434766684494332
setup_only_no_upgrade_link,685,0.0028347813347595467
setup_only_no_upgrade_link,700,0.0015748785193108598
setup_only_no_upgrade_link,715,0.0005999537216422323
setup_only_no_upgrade_link,730,0.0001499884304105581
setup_only_no_upgrade_link,745,2.2220508208971567e-05
setup_only_no_upgrade_link,760,1.481367213931438e-06
setup_only_no_upgrade_link,810,1.836552760508458e-05
setup_only_no_upgrade_link,825,0.00012243685070056386
setup_only_no_upgrade_link,840,0.00036731055210169176
setup_only_no_upgrade_link,855,0.0006529965370696742
setup_only_no_upgrade_link,870,0.0007618292932479532
setup_only_no_upgrade_link,885,0.0006094634345983628
setup_only_no_upgrade_link,900,0.00033859079699909036
setup_only_no_upgrade_link,915,0.00012898697028536777
setup_only_no_upgrade_link,930,3.224674257134194e-05
setup_only_no_upgrade_link,945,4.777295195754362e-06
setup_only_no_upgrade_link,960,3.1848634638362426e-07
setup_only_no_upgrade_link,1010,2.8372237818702974e-06
setup_only_no_upgrade_link,1025,1.8914825212468652e-05
setup_only_no_upgrade_link,1040,5.674447563740595e-05
setup_only_no_upgrade_link,1055,0.00010087906779983281
setup_only_no_upgrade_link,1070,0.00011769224576647161
setup_only_no_upgrade_link,1085,9.415379661317731e-05
setup_only_no_upgrade_link,1100,5.230766478509851e-05
setup_only_no_upgrade_link,1115,1.992672944194229e-05
setup_only_no_upgrade_link,1130,4.981682360485572e-06
setup_only_no_upgrade_link,1145,7.380270163682331e-07
setup_only_no_upgrade_link,1160,4.9201801091215534e-08
setup_only_no_upgrade_link,1210,3.074683543703578e-07
setup_only_no_upgrade_link,1225,2.0497890291357186e-06
setup_only_no_upgrade_link,1240,6.149367087407158e-06
setup_only_no_upgrade_link,1255,1.0932208155390502e-05
setup_only_no_upgrade_link,1270,1.2754242847955589e-05
setup_only_no_upgrade_link,1285,1.0203394278364471e-05
setup_only_no_upgrade_link,1300,5.668552376869151e-06
setup_only_no_upgrade_link,1315,2.1594485245215807e-06
setup_only_no_upgrade_link,1330,5.398621311303951e-07
setup_only_no_upgrade_link,1345,7.997957498228077e-08
setup_only_no_upgrade_link,1360,5.331971665485386e-09
setup_only_no_upgrade_link,1410,2.221576861103082e-08
setup_only_no_upgrade_link,1425,1.4810512407353883e-07
setup_only_no_upgrade_link,1440,4.4431537222061655e-07
setup_only_no_upgrade_link,1455,7.898939950588741e-07
setup_only_no_upgrade_link,1470,9.21542994235353e-07
setup_only_no_upgrade_link,1485,7.372343953882824e-07
setup_only_no_upgrade_link,1500,4.095746641046013e-07
setup_only_no_upgrade_link,1515,1.5602844346841956e-07
setup_only_no_upgrade_link,1530,3.9007110867104884e-08
setup_only_no_upgrade_link,1545,5.7788312395710946e-09
setup_only_no_upgrade_link,1560,3.852554159714063e-10
setup_only_no_upgrade_link,1610,9.621861065273175e-10
setup_only_no_upgrade_link,1625,6.414574043515452e-09
setup_only_no_upgrade_link,1640,1.9243722130546353e-08
setup_only_no_upgrade_link,1655,3.421106156541574e-08
setup_only_no_upgrade_link,1670,3.991290515965169e-08
setup_only_no_upgrade_link,1685,3.193032412772135e-08
setup_only_no_upgrade_link,1700,1.77390689598452e-08
setup_only_no_upgrade_link,1715,6.757740556131504e-09
setup_only_no_upgrade_link,1730,1.6894351390328753e-09
setup_only_no_upgrade_link,1745,2.5028668726412976e-10
setup_only_no_upgrade_link,1760,1.6685779150941985e-11
setup_only_no_upgrade_link,1810,1.891396762761278e-11
setup_only_no_upgrade_link,1825,1.2609311751741852e-10
setup_only_no_upgrade_link,1840,3.782793525522556e-10
setup_only_no_upgrade_link,1855,6.724966267595655e-10
setup_only_no_upgrade_link,1870,7.845793978861597e-10
setup_only_no_upgrade_link,1885,6.276635183089277e-10
setup_only_no_upgrade_link,1900,3.4870195461607086e-10
setup_only_no_upgrade_link,1915,1.3283883985374132e-10
setup_only_no_upgrade_link,1930,3.320970996343533e-11
setup_only_no_upgrade_link,1945,4.919957031620049e-12
setup_only_no_upgrade_link,1960,3.2799713544133666e-13
free_solution_reduces_upgrade,-2190,4.746960750419918e-11
free_solution_reduces_upgrade,-2175,2.8864303464091813e-10
free_solution_reduces_upgrade,-2160,7.898034684130618e-10
free_solution_reduces_upgrade,-2145,1.280658127048286e-09
free_solution_reduces_upgrade,-2130,1.3627515967308687e-09
free_solution_reduces_upgrade,-2115,9.943594068453812e-10
free_solution_reduces_upgrade,-2100,5.038573306969881e-10
free_solution_reduces_upgrade,-2085,1.7507130695070656e-10
free_solution_reduces_upgrade,-2070,3.992010570579298e-11
free_solution_reduces_upgrade,-2055,5.39416975755933e-12
free_solution_reduces_upgrade,-2040,3.2799713544133666e-13
free_solution_reduces_upgrade,-1990,2.3645817416118863e-09
free_solution_reduces_upgrade,-1975,1.4408615368834635e-08
free_solution_reduces_upgrade,-1960,3.95094262680307e-08
free_solution_reduces_upgrade,-1945,6.419976962034459e-08
free_solution_reduces_upgrade,-1930,6.845947963427746e-08
free_solution_reduces_upgrade,-1915,5.0058171810658853e-08
free_solution_reduces_upgrade,-1900,2.5418619544833735e-08
free_solution_reduces_upgrade,-1885,8.850549187718844e-09
free_solution_reduces_upgrade,-1870,2.0223479972346636e-09
free_solution_reduces_upgrade,-1855,2.738393646800226e-10
free_solution_reduces_upgrade,-1840,1.6685779150941988e-11
free_solution_reduces_upgrade,-1790,5.323283711824937e-08
free_solution_reduces_upgrade,-1775,3.252067208552508e-07
free_solution_reduces_upgrade,-1760,8.940189894544588e-07
free_solution_reduces_upgrade,-1745,1.4564146527486913e-06
free_solution_reduces_upgrade,-1730,1.5569961061017576e-06
free_solution_reduces_upgrade,-1715,1.1413743606800766e-06
free_solution_reduces_upgrade,-1700,5.810334506752214e-07
free_solution_reduces_upgrade,-1685,2.028207167503745e-07
free_solution_reduces_upgrade,-1670,4.6460918402669936e-08
free_solution_reduces_upgrade,-1655,6.3068789612865834e-09
free_solution_reduces_upgrade,-1640,3.8525541597140645e-10
free_solution_reduces_upgrade,-1590,7.143414030003306e-07
free_solution_reduces_upgrade,-1575,4.3777483961086526e-06
free_solution_reduces_upgrade,-1560,1.2072513433951456e-05
free_solution_reduces_upgrade,-1545,1.9728328960374235e-05
free_solution_reduces_upgrade,-1530,2.1156400512683215e-05
free_solution_reduces_upgrade,-1515,1.555700848174757e-05
free_solution_reduces_upgrade,-1500,7.943970245516918e-06
free_solution_reduces_upgrade,-1485,2.7815194541335657e-06
free_solution_reduces_upgrade,-1470,6.39124928064138e-07
free_solution_reduces_upgrade,-1455,8.702329954460025e-08
free_solution_reduces_upgrade,-1440,5.331971665485389e-09
free_solution_reduces_upgrade,-1390,6.342723446757566e-06
free_solution_reduces_upgrade,-1375,3.9024167736053994e-05
free_solution_reduces_upgrade,-1360,0.00010803989355575193
free_solution_reduces_upgrade,-1345,0.0001772438432848389
free_solution_reduces_upgrade,-1330,0.00019081300085547811
free_solution_reduces_upgrade,-1315,0.0001408538156861595
free_solution_reduces_upgrade,-1300,7.220173094116957e-05
free_solution_reduces_upgrade,-1285,2.537761492490615e-05
free_solution_reduces_upgrade,-1270,5.853349923288936e-06
free_solution_reduces_upgrade,-1255,8.000105852059222e-07
free_solution_reduces_upgrade,-1240,4.9201801091215554e-08
free_solution_reduces_upgrade,-1190,3.9086436038911966e-05
free_solution_reduces_upgrade,-1175,0.00024170826837955308
free_solution_reduces_upgrade,-1160,0.0006725629927367661
free_solution_reduces_upgrade,-1145,0.0011089056826563103
free_solution_reduces_upgrade,-1130,0.0011997478332014951
free_solution_reduces_upgrade,-1115,0.0008900069076377842
free_solution_reduces_upgrade,-1100,0.00045845799853085387
free_solution_reduces_upgrade,-1085,0.00016192526280045993
free_solution_reduces_upgrade,-1070,3.7528834255283443e-05
free_solution_reduces_upgrade,-1055,5.153926819427235e-06
free_solution_reduces_upgrade,-1040,3.1848634638362437e-07
free_solution_reduces_upgrade,-990,0.00017041678638385314
free_solution_reduces_upgrade,-975,0.0010610078036783087
free_solution_reduces_upgrade,-960,0.002972142833721157
free_solution_reduces_upgrade,-945,0.004932993231881485
free_solution_reduces_upgrade,-930,0.005372238939498834
free_solution_reduces_upgrade,-915,0.004011243669731021
free_solution_reduces_upgrade,-900,0.0020795868280910697
free_solution_reduces_upgrade,-885,0.0007391899879557196
free_solution_reduces_upgrade,-870,0.00017240236383170974
free_solution_reduces_upgrade,-855,2.382464033551734e-05
free_solution_reduces_upgrade,-840,1.4813672139314388e-06
free_solution_reduces_upgrade,-790,0.0005255231821324126
free_solution_reduces_upgrade,-775,0.00330279479491209
free_solution_reduces_upgrade,-760,0.009338000180408946
free_solution_reduces_upgrade,-745,0.015640677214374652
free_solution_reduces_upgrade,-730,0.017187103943979175
free_solution_reduces_upgrade,-715,0.012947087455272776
free_solution_reduces_upgrade,-700,0.006771123898400445
free_solution_reduces_upgrade,-685,0.002427599774691078
free_solution_reduces_upgrade,-670,0.0005710179285622671
free_solution_reduces_upgrade,-655,7.957343322006444e-05
free_solution_reduces_upgrade,-640,4.988739391273553e-06
free_solution_reduces_upgrade,-590,0.0011256677178845711
free_solution_reduces_upgrade,-575,0.007172567158061474
free_solution_reduces_upgrade,-560,0.020553513794221354
free_solution_reduces_upgrade,-545,0.034881694155595666
free_solution_reduces_upgrade,-530,0.03882674227094652
free_solution_reduces_upgrade,-515,0.02961886278386275
free_solution_reduces_upgrade,-500,0.015682380284775085
free_solution_reduces_upgrade,-485,0.005690819990505759
free_solution_reduces_upgrade,-470,0.0013545346427293538
free_solution_reduces_upgrade,-455,0.0001909639301000831
free_solution_reduces_upgrade,-440,1.2109358787711401e-05
free_solution_reduces_upgrade,-390,0.0016125940163560202
free_solution_reduces_upgrade,-375,0.010498072446754905
free_solution_reduces_upgrade,-360,0.030712520221484775
free_solution_reduces_upgrade,-345,0.05317627030470909
free_solution_reduces_upgrade,-330,0.06034741862439699
free_solution_reduces_upgrade,-315,0.046907060730660095
free_solution_reduces_upgrade,-300,0.025291527151142246
free_solution_reduces_upgrade,-285,0.009341084651429764
free_solution_reduces_upgrade,-270,0.0022617876889258564
free_solution_reduces_upgrade,-255,0.0003242237010234678
free_solution_reduces_upgrade,-240,2.0895377699859492e-05
free_solution_reduces_upgrade,-190,0.0014555355470689583
free_solution_reduces_upgrade,-175,0.00982059713418731
free_solution_reduces_upgrade,-160,0.029717776914327223
free_solution_reduces_upgrade,-145,0.053127881987532356
free_solution_reduces_upgrade,-130,0.06215478936867993
free_solution_reduces_upgrade,-115,0.049732300668090194
free_solution_reduces_upgrade,-100,0.027567022271210034
free_solution_reduces_upgrade,-85,0.010454571157257243
free_solution_reduces_upgrade,-70,0.0025964381547399075
free_solution_reduces_upgrade,-55,0.0003813726784175437
free_solution_reduces_upgrade,-40,2.5161069037783196e-05
free_solution_reduces_upgrade,10,0.0007786733873419181
free_solution_reduces_upgrade,25,0.0055762776057434885
free_solution_reduces_upgrade,40,0.017822896543348753
free_solution_reduces_upgrade,55,0.03351487605527966
free_solution_reduces_upgrade,70,0.0410952423419874
free_solution_reduces_upgrade,85,0.03435646726273845
free_solution_reduces_upgrade,100,0.019844017908249228
free_solution_reduces_upgrade,115,0.007822935097457056
free_solution_reduces_upgrade,130,0.0020152734867903087
free_solution_reduces_upgrade,145,0.00030645300418446597
free_solution_reduces_upgrade,160,2.089537769985949e-05
free_solution_reduces_upgrade,210,0.00026246463120816084
free_solution_reduces_upgrade,225,0.002014215180024634
free_solution_reduces_upgrade,240,0.006873886470647396
free_solution_reduces_upgrade,255,0.013750481236059774
free_solution_reduces_upgrade,270,0.017872081982164275
free_solution_reduces_upgrade,285,0.01578454213299001
free_solution_reduces_upgrade,300,0.009601366608004194
free_solution_reduces_upgrade,315,0.003974651559297382
free_solution_reduces_upgrade,330,0.001072352007016488
free_solution_reduces_upgrade,345,0.00017036686341652006
free_solution_reduces_upgrade,360,1.2109358787711401e-05
free_solution_reduces_upgrade,410,5.9167435081275814e-05
free_solution_reduces_upgrade,425,0.0004874436153297709
free_solution_reduces_upgrade,440,0.0017827852325554149
free_solution_reduces_upgrade,455,0.0038137325137104308
free_solution_reduces_upgrade,470,0.005287533755531143
free_solution_reduces_upgrade,485,0.0049680404079977146
free_solution_reduces_upgrade,500,0.0032059977477104542
free_solution_reduces_upgrade,515,0.0014041649494825265
free_solution_reduces_upgrade,530,0.0003997530084134935
free_solution_reduces_upgrade,545,6.684525334154932e-05
free_solution_reduces_upgrade,560,4.988739391273552e-06
free_solution_reduces_upgrade,610,9.264746139580537e-06
free_solution_reduces_upgrade,625,8.181475789536139e-05
free_solution_reduces_upgrade,640,0.0003207300220303801
free_solution_reduces_upgrade,655,0.0007349630267409926
free_solution_reduces_upgrade,670,0.0010903312543395175
free_solution_reduces_upgrade,685,0.001094462535070199
free_solution_reduces_upgrade,700,0.0007531130270688541
free_solution_reduces_upgrade,715,0.0003509657604448685
free_solution_reduces_upgrade,730,0.00010607102734956395
free_solution_reduces_upgrade,745,1.8785262144963903e-05
free_solution_reduces_upgrade,760,1.4813672139314386e-06
free_solution_reduces_upgrade,810,1.0260712360939765e-06
free_solution_reduces_upgrade,825,9.686056689372262e-06
free_solution_reduces_upgrade,840,4.063528098949128e-05
free_solution_reduces_upgrade,855,9.971943098936191e-05
free_solution_reduces_upgrade,870,0.00015846099240414554
free_solution_reduces_upgrade,885,0.00017033134218704307
free_solution_reduces_upgrade,900,0.00012541473418316559
free_solution_reduces_upgrade,915,6.246270353474934e-05
free_solution_reduces_upgrade,930,2.0143586088908406e-05
free_solution_reduces_upgrade,945,3.7996262678313845e-06
free_solution_reduces_upgrade,960,3.1848634638362437e-07
free_solution_reduces_upgrade,1010,8.04002695094962e-08
free_solution_reduces_upgrade,1025,8.088100258046328e-07
free_solution_reduces_upgrade,1040,3.6226929525045897e-06
free_solution_reduces_upgrade,1055,9.507275653149463e-06
free_solution_reduces_upgrade,1070,1.617847225712463e-05
free_solution_reduces_upgrade,1085,1.8641076647099654e-05
free_solution_reduces_upgrade,1100,1.4719923596591707e-05
free_solution_reduces_upgrade,1115,7.862366378325375e-06
free_solution_reduces_upgrade,1130,2.7177837095907764e-06
free_solution_reduces_upgrade,1145,5.489454060019875e-07
free_solution_reduces_upgrade,1160,4.9201801091215554e-08
free_solution_reduces_upgrade,1210,4.372379397313083e-09
free_solution_reduces_upgrade,1225,4.672663273275951e-08
free_solution_reduces_upgrade,1240,2.2285721202145164e-07
free_solution_reduces_upgrade,1255,6.242216516979608e-07
free_solution_reduces_upgrade,1270,1.1362657151585564e-06
free_solution_reduces_upgrade,1285,1.4033579819728162e-06
free_solution_reduces_upgrade,1300,1.189952705980783e-06
free_solution_reduces_upgrade,1315,6.834384931471567e-07
free_solution_reduces_upgrade,1330,2.542456313666963e-07
free_solution_reduces_upgrade,1345,5.528087432129957e-08
free_solution_reduces_upgrade,1360,5.331971665485389e-09
free_solution_reduces_upgrade,1410,1.5733375869109736e-10
free_solution_reduces_upgrade,1425,1.7808203323412591e-09
free_solution_reduces_upgrade,1440,9.019424438798287e-09
free_solution_reduces_upgrade,1455,2.6902324221030712e-08
free_solution_reduces_upgrade,1470,5.229721301449483e-08
free_solution_reduces_upgrade,1485,6.91816135446536e-08
free_solution_reduces_upgrade,1500,6.301541990754238e-08
free_solution_reduces_upgrade,1515,3.898792863798119e-08
free_solution_reduces_upgrade,1530,1.5663762997947905e-08
free_solution_reduces_upgrade,1545,3.6857223395108927e-09
free_solution_reduces_upgrade,1560,3.8525541597140645e-10
free_solution_reduces_upgrade,1610,3.3746359197717612e-12
free_solution_reduces_upgrade,1625,4.0341482082711485e-11
free_solution_reduces_upgrade,1640,2.1639611031664646e-10
free_solution_reduces_upgrade,1655,6.856767032358397e-10
free_solution_reduces_upgrade,1670,1.420705575274648e-09
free_solution_reduces_upgrade,1685,2.0103563219064183e-09
free_solution_reduces_upgrade,1700,1.9664053875162235e-09
free_solution_reduces_upgrade,1715,1.3119161549754556e-09
free_solution_reduces_upgrade,1730,5.70847142259666e-10
free_solution_reduces_upgrade,1745,1.4612397500590972e-10
free_solution_reduces_upgrade,1760,1.6685779150941995e-11
free_solution_reduces_upgrade,1810,3.271286052516877e-14
free_solution_reduces_upgrade,1825,4.1193972513175497e-13
free_solution_reduces_upgrade,1840,2.3343251090799452e-12
free_solution_reduces_upgrade,1855,7.83872135394747e-12
free_solution_reduces_upgrade,1870,1.7274219279995356e-11
free_solution_reduces_upgrade,1885,2.610326468977077e-11
free_solution_reduces_upgrade,1900,2.73923147979076e-11
free_solution_reduces_upgrade,1915,1.971087202389119e-11
free_solution_reduces_upgrade,1930,9.307911789059728e-12
free_solution_reduces_upgrade,1945,2.6046831343870855e-12
free_solution_reduces_upgrade,1960,3.279971354413368e-13
no_setup_improvement,-2190,1.891396762761275e-11
no_setup_improvement,-2175,1.2609311751741836e-10
no_setup_improvement,-2160,3.7827935255225504e-10
no_setup_improvement,-2145,6.724966267595645e-10
no_setup_improvement,-2130,7.845793978861588e-10
no_setup_improvement,-2115,6.276635183089271e-10
no_setup_improvement,-2100,3.4870195461607065e-10
no_setup_improvement,-2085,1.328388398537412e-10
no_setup_improvement,-2070,3.32097099634353e-11
no_setup_improvement,-2055,4.919957031620045e-12
no_setup_improvement,-2040,3.279971354413364e-13
no_setup_improvement,-1990,9.621861065273163e-10
no_setup_improvement,-1975,6.414574043515442e-09
no_setup_improvement,-1960,1.9243722130546327e-08
no_setup_improvement,-1945,3.421106156541569e-08
no_setup_improvement,-1930,3.991290515965164e-08
no_setup_improvement,-1915,3.193032412772132e-08
no_setup_improvement,-1900,1.7739068959845182e-08
no_setup_improvement,-1885,6.757740556131498e-09
no_setup_improvement,-1870,1.6894351390328743e-09
no_setup_improvement,-1855,2.5028668726412955e-10
no_setup_improvement,-1840,1.6685779150941975e-11
no_setup_improvement,-1790,2.2215768611030802e-08
no_setup_improvement,-1775,1.481051240735387e-07
no_setup_improvement,-1760,4.4431537222061613e-07
no_setup_improvement,-1745,7.89893995058873e-07
no_setup_improvement,-1730,9.21542994235352e-07
no_setup_improvement,-1715,7.372343953882818e-07
no_setup_improvement,-1700,4.0957466410460096e-07
no_setup_improvement,-1685,1.5602844346841943e-07
no_setup_improvement,-1670,3.900711086710486e-08
no_setup_improvement,-1655,5.7788312395710904e-09
no_setup_improvement,-1640,3.8525541597140614e-10
no_setup_improvement,-1590,3.074683543703576e-07
no_setup_improvement,-1575,2.0497890291357173e-06
no_setup_improvement,-1560,6.1493670874071515e-06
no_setup_improvement,-1545,1.0932208155390492e-05
no_setup_improvement,-1530,1.2754242847955577e-05
no_setup_improvement,-1515,1.0203394278364464e-05
no_setup_improvement,-1500,5.668552376869147e-06
no_setup_improvement,-1485,2.15944852452158e-06
no_setup_improvement,-1470,5.398621311303949e-07
no_setup_improvement,-1455,7.997957498228073e-08
no_setup_improvement,-1440,5.331971665485385e-09
no_setup_improvement,-1390,2.8372237818702953e-06
no_setup_improvement,-1375,1.891482521246864e-05
no_setup_improvement,-1360,5.6744475637405923e-05
no_setup_improvement,-1345,0.00010087906779983275
no_setup_improvement,-1330,0.00011769224576647154
no_setup_improvement,-1315,9.415379661317727e-05
no_setup_improvement,-1300,5.230766478509848e-05
no_setup_improvement,-1285,1.9926729441942282e-05
no_setup_improvement,-1270,4.98168236048557e-06
no_setup_improvement,-1255,7.380270163682327e-07
no_setup_improvement,-1240,4.9201801091215515e-08
no_setup_improvement,-1190,1.8365527605084572e-05
no_setup_improvement,-1175,0.00012243685070056386
no_setup_improvement,-1160,0.0003673105521016916
no_setup_improvement,-1145,0.0006529965370696739
no_setup_improvement,-1130,0.0007618292932479528
no_setup_improvement,-1115,0.0006094634345983625
no_setup_improvement,-1100,0.0003385907969990902
no_setup_improvement,-1085,0.00012898697028536775
no_setup_improvement,-1070,3.2246742571341936e-05
no_setup_improvement,-1055,4.77729519575436e-06
no_setup_improvement,-1040,3.184863463836241e-07
no_setup_improvement,-990,8.542309825726304e-05
no_setup_improvement,-975,0.0005694873217150871
no_setup_improvement,-960,0.0017084619651452618
no_setup_improvement,-945,0.003037265715813798
no_setup_improvement,-930,0.0035434766684494324
no_setup_improvement,-915,0.0028347813347595462
no_setup_improvement,-900,0.0015748785193108591
no_setup_improvement,-885,0.0005999537216422322
no_setup_improvement,-870,0.000149988430410558
no_setup_improvement,-855,2.222050820897156e-05
no_setup_improvement,-840,1.4813672139314375e-06
no_setup_improvement,-790,0.0002876758518704214
no_setup_improvement,-775,0.0019178390124694761
no_setup_improvement,-760,0.005753517037408428
no_setup_improvement,-745,0.01022847473317054
no_setup_improvement,-730,0.011933220522032299
no_setup_improvement,-715,0.009546576417625843
no_setup_improvement,-700,0.005303653565347689
no_setup_improvement,-685,0.002020439453465787
no_setup_improvement,-670,0.0005051098633664467
no_setup_improvement,-655,7.483109086910322e-05
no_setup_improvement,-640,4.988739391273549e-06
no_setup_improvement,-590,0.0006982866475152044
no_setup_improvement,-575,0.004655244316768031
no_setup_improvement,-560,0.013965732950304094
no_setup_improvement,-545,0.024827969689429494
no_setup_improvement,-530,0.028965964637667752
no_setup_improvement,-515,0.023172771710134207
no_setup_improvement,-500,0.012873762061185672
no_setup_improvement,-485,0.004904290309023113
no_setup_improvement,-470,0.0012260725772557783
no_setup_improvement,-455,0.00018164038181567083
no_setup_improvement,-440,1.2109358787711391e-05
no_setup_improvement,-390,0.0012049327712880867
no_setup_improvement,-375,0.008032885141920581
no_setup_improvement,-360,0.024098655425761745
no_setup_improvement,-345,0.0428420540902431
no_setup_improvement,-330,0.049982396438616954
no_setup_improvement,-315,0.039985917150893585
no_setup_improvement,-300,0.022214398417163096
no_setup_improvement,-285,0.008462627968443085
no_setup_improvement,-270,0.002115656992110771
no_setup_improvement,-255,0.00031343066549789205
no_setup_improvement,-240,2.0895377699859475e-05
no_setup_improvement,-190,0.0014509140289180244
no_setup_improvement,-175,0.009672760192786834
no_setup_improvement,-160,0.0290182805783605
no_setup_improvement,-145,0.051588054361529787
no_setup_improvement,-130,0.060186063421784765
no_setup_improvement,-115,0.04814885073742781
no_setup_improvement,-100,0.026749361520793234
no_setup_improvement,-85,0.010190232960302184
no_setup_improvement,-70,0.002547558240075546
no_setup_improvement,-55,0.0003774160355667476
no_setup_improvement,-40,2.5161069037783176e-05
no_setup_improvement,10,0.0012049327712880867
no_setup_improvement,25,0.008032885141920581
no_setup_improvement,40,0.024098655425761745
no_setup_improvement,55,0.0428420540902431
no_setup_improvement,70,0.04998239643861696
no_setup_improvement,85,0.03998591715089358
no_setup_improvement,100,0.022214398417163096
no_setup_improvement,115,0.008462627968443085
no_setup_improvement,130,0.002115656992110771
no_setup_improvement,145,0.000313430665497892
no_setup_improvement,160,2.0895377699859472e-05
no_setup_improvement,210,0.0006982866475152043
no_setup_improvement,225,0.00465524431676803
no_setup_improvement,240,0.013965732950304094
no_setup_improvement,255,0.024827969689429494
no_setup_improvement,270,0.028965964637667752
no_setup_improvement,285,0.023172771710134203
no_setup_improvement,300,0.012873762061185672
no_setup_improvement,315,0.004904290309023113
no_setup_improvement,330,0.0012260725772557783
no_setup_improvement,345,0.0001816403818156708
no_setup_improvement,360,1.2109358787711391e-05
no_setup_improvement,410,0.0002876758518704214
no_setup_improvement,425,0.0019178390124694757
no_setup_improvement,440,0.005753517037408428
no_setup_improvement,455,0.01022847473317054
no_setup_improvement,470,0.011933220522032297
no_setup_improvement,485,0.009546576417625843
no_setup_improvement,500,0.005303653565347688
no_setup_improvement,515,0.002020439453465787
no_setup_improvement,530,0.0005051098633664466
no_setup_improvement,545,7.483109086910323e-05
no_setup_improvement,560,4.988739391273548e-06
no_setup_improvement,610,8.542309825726304e-05
no_setup_improvement,625,0.0005694873217150869
no_setup_improvement,640,0.0017084619651452615
no_setup_improvement,655,0.0030372657158137984
no_setup_improvement,670,0.0035434766684494324
no_setup_improvement,685,0.0028347813347595454
no_setup_improvement,700,0.0015748785193108591
no_setup_improvement,715,0.000599953721642232
no_setup_improvement,730,0.000149988430410558
no_setup_improvement,745,2.222050820897156e-05
no_setup_improvement,760,1.4813672139314373e-06
no_setup_improvement,810,1.836552760508457e-05
no_setup_improvement,825,0.00012243685070056383
no_setup_improvement,840,0.0003673105521016915
no_setup_improvement,855,0.0006529965370696739
no_setup_improvement,870,0.0007618292932479527
no_setup_improvement,885,0.0006094634345983624
no_setup_improvement,900,0.0003385907969990902
no_setup_improvement,915,0.00012898697028536775
no_setup_improvement,930,3.2246742571341936e-05
no_setup_improvement,945,4.77729519575436e-06
no_setup_improvement,960,3.184863463836241e-07
no_setup_improvement,1010,2.837223781870295e-06
no_setup_improvement,1025,1.8914825212468636e-05
no_setup_improvement,1040,5.674447563740592e-05
no_setup_improvement,1055,0.00010087906779983276
no_setup_improvement,1070,0.00011769224576647156
no_setup_improvement,1085,9.415379661317727e-05
no_setup_improvement,1100,5.230766478509848e-05
no_setup_improvement,1115,1.992672944194228e-05
no_setup_improvement,1130,4.981682360485571e-06
no_setup_improvement,1145,7.380270163682328e-07
no_setup_improvement,1160,4.9201801091215515e-08
no_setup_improvement,1210,3.074683543703575e-07
no_setup_improvement,1225,2.0497890291357173e-06
no_setup_improvement,1240,6.149367087407152e-06
no_setup_improvement,1255,1.0932208155390495e-05
no_setup_improvement,1270,1.2754242847955577e-05
no_setup_improvement,1285,1.0203394278364464e-05
no_setup_improvement,1300,5.668552376869147e-06
no_setup_improvement,1315,2.15944852452158e-06
no_setup_improvement,1330,5.39862131130395e-07
no_setup_improvement,1345,7.997957498228074e-08
no_setup_improvement,1360,5.331971665485385e-09
no_setup_improvement,1410,2.2215768611030795e-08
no_setup_improvement,1425,1.481051240735387e-07
no_setup_improvement,1440,4.443153722206161e-07
no_setup_improvement,1455,7.898939950588731e-07
no_setup_improvement,1470,9.215429942353521e-07
no_setup_improvement,1485,7.372343953882819e-07
no_setup_improvement,1500,4.09574664104601e-07
no_setup_improvement,1515,1.5602844346841946e-07
no_setup_improvement,1530,3.9007110867104864e-08
no_setup_improvement,1545,5.778831239571092e-09
no_setup_improvement,1560,3.8525541597140614e-10
no_setup_improvement,1610,9.621861065273159e-10
no_setup_improvement,1625,6.414574043515442e-09
no_setup_improvement,1640,1.9243722130546323e-08
no_setup_improvement,1655,3.421106156541569e-08
no_setup_improvement,1670,3.991290515965166e-08
no_setup_improvement,1685,3.193032412772133e-08
no_setup_improvement,1700,1.7739068959845185e-08
no_setup_improvement,1715,6.7577405561314995e-09
no_setup_improvement,1730,1.6894351390328749e-09
no_setup_improvement,1745,2.502866872641297e-10
no_setup_improvement,1760,1.6685779150941982e-11
no_setup_improvement,1810,1.8913967627612745e-11
no_setup_improvement,1825,1.2609311751741834e-10
no_setup_improvement,1840,3.78279352552255e-10
no_setup_improvement,1855,6.724966267595647e-10
no_setup_improvement,1870,7.84579397886159e-10
no_setup_improvement,1885,6.276635183089273e-10
no_setup_improvement,1900,3.487019546160707e-10
no_setup_improvement,1915,1.3283883985374124e-10
no_setup_improvement,1930,3.3209709963435316e-11
no_setup_improvement,1945,4.919957031620047e-12
no_setup_improvement,1960,3.2799713544133656e-13
