scenario,repetition,customer_id,ticket_id,product,assigned_arm,outcome_kind,eligibility_assumed_not_verified,sim_help_offered,sim_help_accepted,sim_setup_success_7d,sim_paid_upgrade_30d,sim_variable_help_cost,sim_upgrade_contribution,sim_net_contribution_before_batch_fixed_cost,real_intervention_executed
paid_value_unlocked,0,CUST01539,5335,Loom,OFFER_INTEGRATION_SETUP_HELP,SIMULATED_NOT_OBSERVED,True,True,False,False,False,2,0,-2,False
paid_value_unlocked,0,CUST04038,1623,Loom,OFFER_INTEGRATION_SETUP_HELP,SIMULATED_NOT_OBSERVED,True,True,False,False,False,2,0,-2,False
paid_value_unlocked,0,CUST04143,4736,Loom,EXISTING_SUPPORT,SIMULATED_NOT_OBSERVED,True,False,,False,False,0,0,0,False
paid_value_unlocked,0,CUST00676,6051,Loom,EXISTING_SUPPORT,SIMULATED_NOT_OBSERVED,True,False,,True,False,0,0,0,False
paid_value_unlocked,0,CUST04581,6083,Trello,OFFER_INTEGRATION_SETUP_HELP,SIMULATED_NOT_OBSERVED,True,True,True,False,False,17,0,-17,False
paid_value_unlocked,0,CUST05418,3696,Trello,OFFER_INTEGRATION_SETUP_HELP,SIMULATED_NOT_OBSERVED,True,True,True,True,True,17,200,183,False
paid_value_unlocked,0,CUST04339,1471,Trello,EXISTING_SUPPORT,SIMULATED_NOT_OBSERVED,True,False,,False,False,0,0,0,False
paid_value_unlocked,0,CUST05838,4697,Trello,EXISTING_SUPPORT,SIMULATED_NOT_OBSERVED,True,False,,True,True,0,200,200,False
paid_value_unlocked,0,CUST08034,2475,Bitbucket,OFFER_INTEGRATION_SETUP_HELP,SIMULATED_NOT_OBSERVED,True,True,True,True,True,17,200,183,False
paid_value_unlocked,0,CUST07662,3631,Bitbucket,OFFER_INTEGRATION_SETUP_HELP,SIMULATED_NOT_OBSERVED,True,True,False,False,True,2,200,198,False
paid_value_unlocked,0,CUST05157,533,Bitbucket,EXISTING_SUPPORT,SIMULATED_NOT_OBSERVED,True,False,,False,False,0,0,0,False
paid_value_unlocked,0,CUST03192,5857,Bitbucket,EXISTING_SUPPORT,SIMULATED_NOT_OBSERVED,True,False,,False,False,0,0,0,False
paid_value_unlocked,0,CUST06020,3401,Confluence,OFFER_INTEGRATION_SETUP_HELP,SIMULATED_NOT_OBSERVED,True,True,True,True,False,17,0,-17,False
paid_value_unlocked,0,CUST04269,689,Confluence,OFFER_INTEGRATION_SETUP_HELP,SIMULATED_NOT_OBSERVED,True,True,True,True,True,17,200,183,False
paid_value_unlocked,0,CUST05198,4030,Confluence,EXISTING_SUPPORT,SIMULATED_NOT_OBSERVED,True,False,,False,False,0,0,0,False
paid_value_unlocked,0,CUST07535,7559,Confluence,EXISTING_SUPPORT,SIMULATED_NOT_OBSERVED,True,False,,False,False,0,0,0,False
paid_value_unlocked,0,CUST02831,3649,Jira,OFFER_INTEGRATION_SETUP_HELP,SIMULATED_NOT_OBSERVED,True,True,False,False,False,2,0,-2,False
paid_value_unlocked,0,CUST04498,8392,Jira,OFFER_INTEGRATION_SETUP_HELP,SIMULATED_NOT_OBSERVED,True,True,True,True,True,17,200,183,False
paid_value_unlocked,0,CUST08166,4347,Jira,EXISTING_SUPPORT,SIMULATED_NOT_OBSERVED,True,False,,False,False,0,0,0,False
paid_value_unlocked,0,CUST04963,2296,Jira,EXISTING_SUPPORT,SIMULATED_NOT_OBSERVED,True,False,,False,False,0,0,0,False
setup_only_no_upgrade_link,0,CUST01539,5335,Loom,OFFER_INTEGRATION_SETUP_HELP,SIMULATED_NOT_OBSERVED,True,True,False,False,False,2,0,-2,False
setup_only_no_upgrade_link,0,CUST04038,1623,Loom,OFFER_INTEGRATION_SETUP_HELP,SIMULATED_NOT_OBSERVED,True,True,False,False,False,2,0,-2,False
setup_only_no_upgrade_link,0,CUST04143,4736,Loom,EXISTING_SUPPORT,SIMULATED_NOT_OBSERVED,True,False,,False,False,0,0,0,False
setup_only_no_upgrade_link,0,CUST00676,6051,Loom,EXISTING_SUPPORT,SIMULATED_NOT_OBSERVED,True,False,,True,False,0,0,0,False
setup_only_no_upgrade_link,0,CUST04581,6083,Trello,OFFER_INTEGRATION_SETUP_HELP,SIMULATED_NOT_OBSERVED,True,True,True,False,False,17,0,-17,False
setup_only_no_upgrade_link,0,CUST05418,3696,Trello,OFFER_INTEGRATION_SETUP_HELP,SIMULATED_NOT_OBSERVED,True,True,True,True,False,17,0,-17,False
setup_only_no_upgrade_link,0,CUST04339,1471,Trello,EXISTING_SUPPORT,SIMULATED_NOT_OBSERVED,True,False,,False,False,0,0,0,False
setup_only_no_upgrade_link,0,CUST05838,4697,Trello,EXISTING_SUPPORT,SIMULATED_NOT_OBSERVED,True,False,,True,True,0,200,200,False
setup_only_no_upgrade_link,0,CUST08034,2475,Bitbucket,OFFER_INTEGRATION_SETUP_HELP,SIMULATED_NOT_OBSERVED,True,True,True,True,True,17,200,183,False
setup_only_no_upgrade_link,0,CUST07662,3631,Bitbucket,OFFER_INTEGRATION_SETUP_HELP,SIMULATED_NOT_OBSERVED,True,True,False,False,True,2,200,198,False
setup_only_no_upgrade_link,0,CUST05157,533,Bitbucket,EXISTING_SUPPORT,SIMULATED_NOT_OBSERVED,True,False,,False,False,0,0,0,False
setup_only_no_upgrade_link,0,CUST03192,5857,Bitbucket,EXISTING_SUPPORT,SIMULATED_NOT_OBSERVED,True,False,,False,False,0,0,0,False
setup_only_no_upgrade_link,0,CUST06020,3401,Confluence,OFFER_INTEGRATION_SETUP_HELP,SIMULATED_NOT_OBSERVED,True,True,True,True,False,17,0,-17,False
setup_only_no_upgrade_link,0,CUST04269,689,Confluence,OFFER_INTEGRATION_SETUP_HELP,SIMULATED_NOT_OBSERVED,True,True,True,True,False,17,0,-17,False
setup_only_no_upgrade_link,0,CUST05198,4030,Confluence,EXISTING_SUPPORT,SIMULATED_NOT_OBSERVED,True,False,,False,False,0,0,0,False
setup_only_no_upgrade_link,0,CUST07535,7559,Confluence,EXISTING_SUPPORT,SIMULATED_NOT_OBSERVED,True,False,,False,True,0,200,200,False
setup_only_no_upgrade_link,0,CUST02831,3649,Jira,OFFER_INTEGRATION_SETUP_HELP,SIMULATED_NOT_OBSERVED,True,True,False,False,False,2,0,-2,False
setup_only_no_upgrade_link,0,CUST04498,8392,Jira,OFFER_INTEGRATION_SETUP_HELP,SIMULATED_NOT_OBSERVED,True,True,True,True,False,17,0,-17,False
setup_only_no_upgrade_link,0,CUST08166,4347,Jira,EXISTING_SUPPORT,SIMULATED_NOT_OBSERVED,True,False,,False,False,0,0,0,False
setup_only_no_upgrade_link,0,CUST04963,2296,Jira,EXISTING_SUPPORT,SIMULATED_NOT_OBSERVED,True,False,,False,False,0,0,0,False
free_solution_reduces_upgrade,0,CUST01539,5335,Loom,OFFER_INTEGRATION_SETUP_HELP,SIMULATED_NOT_OBSERVED,True,True,False,False,False,2,0,-2,False
free_solution_reduces_upgrade,0,CUST04038,1623,Loom,OFFER_INTEGRATION_SETUP_HELP,SIMULATED_NOT_OBSERVED,True,True,False,False,False,2,0,-2,False
free_solution_reduces_upgrade,0,CUST04143,4736,Loom,EXISTING_SUPPORT,SIMULATED_NOT_OBSERVED,True,False,,False,False,0,0,0,False
free_solution_reduces_upgrade,0,CUST00676,6051,Loom,EXISTING_SUPPORT,SIMULATED_NOT_OBSERVED,True,False,,True,False,0,0,0,False
free_solution_reduces_upgrade,0,CUST04581,6083,Trello,OFFER_INTEGRATION_SETUP_HELP,SIMULATED_NOT_OBSERVED,True,True,True,False,False,17,0,-17,False
free_solution_reduces_upgrade,0,CUST05418,3696,Trello,OFFER_INTEGRATION_SETUP_HELP,SIMULATED_NOT_OBSERVED,True,True,True,True,False,17,0,-17,False
free_solution_reduces_upgrade,0,CUST04339,1471,Trello,EXISTING_SUPPORT,SIMULATED_NOT_OBSERVED,True,False,,False,False,0,0,0,False
free_solution_reduces_upgrade,0,CUST05838,4697,Trello,EXISTING_SUPPORT,SIMULATED_NOT_OBSERVED,True,False,,True,True,0,200,200,False
free_solution_reduces_upgrade,0,CUST08034,2475,Bitbucket,OFFER_INTEGRATION_SETUP_HELP,SIMULATED_NOT_OBSERVED,True,True,True,True,False,17,0,-17,False
free_solution_reduces_upgrade,0,CUST07662,3631,Bitbucket,OFFER_INTEGRATION_SETUP_HELP,SIMULATED_NOT_OBSERVED,True,True,False,False,True,2,200,198,False
free_solution_reduces_upgrade,0,CUST05157,533,Bitbucket,EXISTING_SUPPORT,SIMULATED_NOT_OBSERVED,True,False,,False,False,0,0,0,False
free_solution_reduces_upgrade,0,CUST03192,5857,Bitbucket,EXISTING_SUPPORT,SIMULATED_NOT_OBSERVED,True,False,,False,False,0,0,0,False
free_solution_reduces_upgrade,0,CUST06020,3401,Confluence,OFFER_INTEGRATION_SETUP_HELP,SIMULATED_NOT_OBSERVED,True,True,True,True,False,17,0,-17,False
free_solution_reduces_upgrade,0,CUST04269,689,Confluence,OFFER_INTEGRATION_SETUP_HELP,SIMULATED_NOT_OBSERVED,True,True,True,True,False,17,0,-17,False
free_solution_reduces_upgrade,0,CUST05198,4030,Confluence,EXISTING_SUPPORT,SIMULATED_NOT_OBSERVED,True,False,,False,False,0,0,0,False
free_solution_reduces_upgrade,0,CUST07535,7559,Confluence,EXISTING_SUPPORT,SIMULATED_NOT_OBSERVED,True,False,,False,True,0,200,200,False
free_solution_reduces_upgrade,0,CUST02831,3649,Jira,OFFER_INTEGRATION_SETUP_HELP,SIMULATED_NOT_OBSERVED,True,True,False,False,False,2,0,-2,False
free_solution_reduces_upgrade,0,CUST04498,8392,Jira,OFFER_INTEGRATION_SETUP_HELP,SIMULATED_NOT_OBSERVED,True,True,True,True,False,17,0,-17,False
free_solution_reduces_upgrade,0,CUST08166,4347,Jira,EXISTING_SUPPORT,SIMULATED_NOT_OBSERVED,True,False,,False,False,0,0,0,False
free_solution_reduces_upgrade,0,CUST04963,2296,Jira,EXISTING_SUPPORT,SIMULATED_NOT_OBSERVED,True,False,,False,False,0,0,0,False
no_setup_improvement,0,CUST01539,5335,Loom,OFFER_INTEGRATION_SETUP_HELP,SIMULATED_NOT_OBSERVED,True,True,False,False,False,2,0,-2,False
no_setup_improvement,0,CUST04038,1623,Loom,OFFER_INTEGRATION_SETUP_HELP,SIMULATED_NOT_OBSERVED,True,True,False,False,False,2,0,-2,False
no_setup_improvement,0,CUST04143,4736,Loom,EXISTING_SUPPORT,SIMULATED_NOT_OBSERVED,True,False,,False,False,0,0,0,False
no_setup_improvement,0,CUST00676,6051,Loom,EXISTING_SUPPORT,SIMULATED_NOT_OBSERVED,True,False,,True,False,0,0,0,False
no_setup_improvement,0,CUST04581,6083,Trello,OFFER_INTEGRATION_SETUP_HELP,SIMULATED_NOT_OBSERVED,True,True,True,False,False,17,0,-17,False
no_setup_improvement,0,CUST05418,3696,Trello,OFFER_INTEGRATION_SETUP_HELP,SIMULATED_NOT_OBSERVED,True,True,True,True,True,17,200,183,False
no_setup_improvement,0,CUST04339,1471,Trello,EXISTING_SUPPORT,SIMULATED_NOT_OBSERVED,True,False,,False,False,0,0,0,False
no_setup_improvement,0,CUST05838,4697,Trello,EXISTING_SUPPORT,SIMULATED_NOT_OBSERVED,True,False,,True,True,0,200,200,False
no_setup_improvement,0,CUST08034,2475,Bitbucket,OFFER_INTEGRATION_SETUP_HELP,SIMULATED_NOT_OBSERVED,True,True,True,False,False,17,0,-17,False
no_setup_improvement,0,CUST07662,3631,Bitbucket,OFFER_INTEGRATION_SETUP_HELP,SIMULATED_NOT_OBSERVED,True,True,False,False,True,2,200,198,False
no_setup_improvement,0,CUST05157,533,Bitbucket,EXISTING_SUPPORT,SIMULATED_NOT_OBSERVED,True,False,,False,False,0,0,0,False
no_setup_improvement,0,CUST03192,5857,Bitbucket,EXISTING_SUPPORT,SIMULATED_NOT_OBSERVED,True,False,,False,False,0,0,0,False
no_setup_improvement,0,CUST06020,3401,Confluence,OFFER_INTEGRATION_SETUP_HELP,SIMULATED_NOT_OBSERVED,True,True,True,False,False,17,0,-17,False
no_setup_improvement,0,CUST04269,689,Confluence,OFFER_INTEGRATION_SETUP_HELP,SIMULATED_NOT_OBSERVED,True,True,True,False,False,17,0,-17,False
no_setup_improvement,0,CUST05198,4030,Confluence,EXISTING_SUPPORT,SIMULATED_NOT_OBSERVED,True,False,,False,False,0,0,0,False
no_setup_improvement,0,CUST07535,7559,Confluence,EXISTING_SUPPORT,SIMULATED_NOT_OBSERVED,True,False,,False,False,0,0,0,False
no_setup_improvement,0,CUST02831,3649,Jira,OFFER_INTEGRATION_SETUP_HELP,SIMULATED_NOT_OBSERVED,True,True,False,False,False,2,0,-2,False
no_setup_improvement,0,CUST04498,8392,Jira,OFFER_INTEGRATION_SETUP_HELP,SIMULATED_NOT_OBSERVED,True,True,True,True,True,17,200,183,False
no_setup_improvement,0,CUST08166,4347,Jira,EXISTING_SUPPORT,SIMULATED_NOT_OBSERVED,True,False,,False,False,0,0,0,False
no_setup_improvement,0,CUST04963,2296,Jira,EXISTING_SUPPORT,SIMULATED_NOT_OBSERVED,True,False,,False,False,0,0,0,False
