product,plan,n,median_integrations,low_n,ties_n
Bitbucket,Enterprise,235,6.0,106,32
Bitbucket,Free,241,1.2,113,42
Bitbucket,Premium,445,4.0,163,60
Bitbucket,Standard,614,2.4,287,84
Confluence,Enterprise,249,6.0,105,30
Confluence,Free,329,1.2,149,57
Confluence,Premium,483,4.0,174,73
Confluence,Standard,706,2.4,305,85
Jira,Enterprise,257,6.0,110,31
Jira,Free,304,1.0,102,57
Jira,Premium,507,4.0,201,69
Jira,Standard,650,2.4,295,83
Loom,Enterprise,229,6.0,105,31
Loom,Free,276,1.0,93,54
Loom,Premium,433,4.0,160,59
Loom,Standard,648,2.4,245,100
Trello,Enterprise,222,6.0,104,25
Trello,Free,290,1.2,138,49
Trello,Premium,427,4.2,213,62
Trello,Standard,636,2.4,291,90
