company_size,plan,customer_n,mean_integrations
1-10,Free,145,1.0599999999999998
1-10,Standard,370,2.356666666666667
1-10,Premium,229,4.135807860262009
1-10,Enterprise,131,5.794656488549618
1000+,Free,171,1.1409356725146198
1000+,Standard,392,2.343877551020408
1000+,Premium,251,4.105976095617529
1000+,Enterprise,136,6.021323529411765
11-50,Free,321,1.2080996884735202
11-50,Standard,697,2.4190817790530845
11-50,Premium,518,4.128764478764478
11-50,Enterprise,239,6.02092050209205
201-500,Free,281,1.0722419928825624
201-500,Standard,596,2.421476510067114
201-500,Premium,428,4.083177570093458
201-500,Enterprise,197,6.035532994923858
501-1000,Free,164,1.2073170731707317
501-1000,Standard,341,2.4196480938416425
501-1000,Premium,246,4.1361788617886175
501-1000,Enterprise,145,5.929655172413793
51-200,Free,390,1.1264102564102565
51-200,Standard,913,2.3918218327856886
51-200,Premium,665,4.060902255639098
51-200,Enterprise,354,6.035028248587571
