product,priority,fast_n,slow_n,pooled_weight,fast_minus_slow_csat
Bitbucket,Critical,41,34,0.0552689756816507,-0.22955523672883782
Bitbucket,High,28,30,0.04274134119380987,-0.27857142857142847
Bitbucket,Low,24,29,0.039056742815033164,-0.6163793103448274
Bitbucket,Medium,42,26,0.050110537951363304,0.17765567765567747
Confluence,Critical,34,36,0.051584377302873984,0.1895424836601305
Confluence,High,38,42,0.058953574060427415,-0.42105263157894735
Confluence,Low,19,37,0.04126750184229919,0.34992887624466595
Confluence,Medium,35,37,0.05305821665438467,0.4332046332046331
Jira,Critical,40,27,0.04937361827560796,0.5796296296296299
Jira,High,39,33,0.05305821665438467,-0.4755244755244754
Jira,Low,40,45,0.06263817243920412,0.125
Jira,Medium,37,27,0.04716285924834193,0.3903903903903907
Loom,Critical,30,34,0.04716285924834193,-0.3647058823529412
Loom,High,29,39,0.050110537951363304,0.18125552608311235
Loom,Low,36,30,0.04863669859985262,-0.19444444444444464
Loom,Medium,34,30,0.04716285924834193,0.021568627450980316
Trello,Critical,50,36,0.06337509211495947,-0.06111111111111134
Trello,High,25,36,0.0449521002210759,-0.0988888888888888
Trello,Low,30,35,0.047899778924097275,0.06666666666666643
Trello,Medium,29,34,0.04642593957258659,-0.23529411764705888
