volume,fixed_cost,variable_cost_per_ticket,hourly_cost,realizable_fraction,total_extra_cost,break_even_minutes_per_ticket,break_even_state,assumed_labour_minutes_saved,conditional_net_profit,retention_conversion_contribution,actual_profit_measured,elapsed_ticket_interval_used_as_labour_saving
20,0,0,15,0,0,0.0,ZERO_COST_ZERO_MONETIZED_BENEFIT,2,0.0,0,False,False
20,0,0,15,0.25,0,0.0,FINITE,2,2.5,0,False,False
20,0,0,15,0.5,0,0.0,FINITE,2,5.0,0,False,False
20,0,0,15,1,0,0.0,FINITE,2,10.0,0,False,False
20,0,0,30,0,0,0.0,ZERO_COST_ZERO_MONETIZED_BENEFIT,2,0.0,0,False,False
20,0,0,30,0.25,0,0.0,FINITE,2,5.0,0,False,False
20,0,0,30,0.5,0,0.0,FINITE,2,10.0,0,False,False
20,0,0,30,1,0,0.0,FINITE,2,20.0,0,False,False
20,0,0,60,0,0,0.0,ZERO_COST_ZERO_MONETIZED_BENEFIT,2,0.0,0,False,False
20,0,0,60,0.25,0,0.0,FINITE,2,10.0,0,False,False
20,0,0,60,0.5,0,0.0,FINITE,2,20.0,0,False,False
20,0,0,60,1,0,0.0,FINITE,2,40.0,0,False,False
20,0,0.5,15,0,10.0,,NO_FINITE_BREAK_EVEN,2,-10.0,0,False,False
20,0,0.5,15,0.25,10.0,8.0,FINITE,2,-7.5,0,False,False
20,0,0.5,15,0.5,10.0,4.0,FINITE,2,-5.0,0,False,False
20,0,0.5,15,1,10.0,2.0,FINITE,2,0.0,0,False,False
20,0,0.5,30,0,10.0,,NO_FINITE_BREAK_EVEN,2,-10.0,0,False,False
20,0,0.5,30,0.25,10.0,4.0,FINITE,2,-5.0,0,False,False
20,0,0.5,30,0.5,10.0,2.0,FINITE,2,0.0,0,False,False
20,0,0.5,30,1,10.0,1.0,FINITE,2,10.0,0,False,False
20,0,0.5,60,0,10.0,,NO_FINITE_BREAK_EVEN,2,-10.0,0,False,False
20,0,0.5,60,0.25,10.0,2.0,FINITE,2,0.0,0,False,False
20,0,0.5,60,0.5,10.0,1.0,FINITE,2,10.0,0,False,False
20,0,0.5,60,1,10.0,0.5,FINITE,2,30.0,0,False,False
20,0,1,15,0,20,,NO_FINITE_BREAK_EVEN,2,-20.0,0,False,False
20,0,1,15,0.25,20,16.0,FINITE,2,-17.5,0,False,False
20,0,1,15,0.5,20,8.0,FINITE,2,-15.0,0,False,False
20,0,1,15,1,20,4.0,FINITE,2,-10.0,0,False,False
20,0,1,30,0,20,,NO_FINITE_BREAK_EVEN,2,-20.0,0,False,False
20,0,1,30,0.25,20,8.0,FINITE,2,-15.0,0,False,False
20,0,1,30,0.5,20,4.0,FINITE,2,-10.0,0,False,False
20,0,1,30,1,20,2.0,FINITE,2,0.0,0,False,False
20,0,1,60,0,20,,NO_FINITE_BREAK_EVEN,2,-20.0,0,False,False
20,0,1,60,0.25,20,4.0,FINITE,2,-10.0,0,False,False
20,0,1,60,0.5,20,2.0,FINITE,2,0.0,0,False,False
20,0,1,60,1,20,1.0,FINITE,2,20.0,0,False,False
20,100,0,15,0,100,,NO_FINITE_BREAK_EVEN,2,-100.0,0,False,False
20,100,0,15,0.25,100,80.0,FINITE,2,-97.5,0,False,False
20,100,0,15,0.5,100,40.0,FINITE,2,-95.0,0,False,False
20,100,0,15,1,100,20.0,FINITE,2,-90.0,0,False,False
20,100,0,30,0,100,,NO_FINITE_BREAK_EVEN,2,-100.0,0,False,False
20,100,0,30,0.25,100,40.0,FINITE,2,-95.0,0,False,False
20,100,0,30,0.5,100,20.0,FINITE,2,-90.0,0,False,False
20,100,0,30,1,100,10.0,FINITE,2,-80.0,0,False,False
20,100,0,60,0,100,,NO_FINITE_BREAK_EVEN,2,-100.0,0,False,False
20,100,0,60,0.25,100,20.0,FINITE,2,-90.0,0,False,False
20,100,0,60,0.5,100,10.0,FINITE,2,-80.0,0,False,False
20,100,0,60,1,100,5.0,FINITE,2,-60.0,0,False,False
20,100,0.5,15,0,110.0,,NO_FINITE_BREAK_EVEN,2,-110.0,0,False,False
20,100,0.5,15,0.25,110.0,88.0,FINITE,2,-107.5,0,False,False
20,100,0.5,15,0.5,110.0,44.0,FINITE,2,-105.0,0,False,False
20,100,0.5,15,1,110.0,22.0,FINITE,2,-100.0,0,False,False
20,100,0.5,30,0,110.0,,NO_FINITE_BREAK_EVEN,2,-110.0,0,False,False
20,100,0.5,30,0.25,110.0,44.0,FINITE,2,-105.0,0,False,False
20,100,0.5,30,0.5,110.0,22.0,FINITE,2,-100.0,0,False,False
20,100,0.5,30,1,110.0,11.0,FINITE,2,-90.0,0,False,False
20,100,0.5,60,0,110.0,,NO_FINITE_BREAK_EVEN,2,-110.0,0,False,False
20,100,0.5,60,0.25,110.0,22.0,FINITE,2,-100.0,0,False,False
20,100,0.5,60,0.5,110.0,11.0,FINITE,2,-90.0,0,False,False
20,100,0.5,60,1,110.0,5.5,FINITE,2,-70.0,0,False,False
20,100,1,15,0,120,,NO_FINITE_BREAK_EVEN,2,-120.0,0,False,False
20,100,1,15,0.25,120,96.0,FINITE,2,-117.5,0,False,False
20,100,1,15,0.5,120,48.0,FINITE,2,-115.0,0,False,False
20,100,1,15,1,120,24.0,FINITE,2,-110.0,0,False,False
20,100,1,30,0,120,,NO_FINITE_BREAK_EVEN,2,-120.0,0,False,False
20,100,1,30,0.25,120,48.0,FINITE,2,-115.0,0,False,False
20,100,1,30,0.5,120,24.0,FINITE,2,-110.0,0,False,False
20,100,1,30,1,120,12.0,FINITE,2,-100.0,0,False,False
20,100,1,60,0,120,,NO_FINITE_BREAK_EVEN,2,-120.0,0,False,False
20,100,1,60,0.25,120,24.0,FINITE,2,-110.0,0,False,False
20,100,1,60,0.5,120,12.0,FINITE,2,-100.0,0,False,False
20,100,1,60,1,120,6.0,FINITE,2,-80.0,0,False,False
1000,0,0,15,0,0,0.0,ZERO_COST_ZERO_MONETIZED_BENEFIT,2,0.0,0,False,False
1000,0,0,15,0.25,0,0.0,FINITE,2,125.0,0,False,False
1000,0,0,15,0.5,0,0.0,FINITE,2,250.0,0,False,False
1000,0,0,15,1,0,0.0,FINITE,2,500.0,0,False,False
1000,0,0,30,0,0,0.0,ZERO_COST_ZERO_MONETIZED_BENEFIT,2,0.0,0,False,False
1000,0,0,30,0.25,0,0.0,FINITE,2,250.0,0,False,False
1000,0,0,30,0.5,0,0.0,FINITE,2,500.0,0,False,False
1000,0,0,30,1,0,0.0,FINITE,2,1000.0,0,False,False
1000,0,0,60,0,0,0.0,ZERO_COST_ZERO_MONETIZED_BENEFIT,2,0.0,0,False,False
1000,0,0,60,0.25,0,0.0,FINITE,2,500.0,0,False,False
1000,0,0,60,0.5,0,0.0,FINITE,2,1000.0,0,False,False
1000,0,0,60,1,0,0.0,FINITE,2,2000.0,0,False,False
1000,0,0.5,15,0,500.0,,NO_FINITE_BREAK_EVEN,2,-500.0,0,False,False
1000,0,0.5,15,0.25,500.0,8.0,FINITE,2,-375.0,0,False,False
1000,0,0.5,15,0.5,500.0,4.0,FINITE,2,-250.0,0,False,False
1000,0,0.5,15,1,500.0,2.0,FINITE,2,0.0,0,False,False
1000,0,0.5,30,0,500.0,,NO_FINITE_BREAK_EVEN,2,-500.0,0,False,False
1000,0,0.5,30,0.25,500.0,4.0,FINITE,2,-250.0,0,False,False
1000,0,0.5,30,0.5,500.0,2.0,FINITE,2,0.0,0,False,False
1000,0,0.5,30,1,500.0,1.0,FINITE,2,500.0,0,False,False
1000,0,0.5,60,0,500.0,,NO_FINITE_BREAK_EVEN,2,-500.0,0,False,False
1000,0,0.5,60,0.25,500.0,2.0,FINITE,2,0.0,0,False,False
1000,0,0.5,60,0.5,500.0,1.0,FINITE,2,500.0,0,False,False
1000,0,0.5,60,1,500.0,0.5,FINITE,2,1500.0,0,False,False
1000,0,1,15,0,1000,,NO_FINITE_BREAK_EVEN,2,-1000.0,0,False,False
1000,0,1,15,0.25,1000,16.0,FINITE,2,-875.0,0,False,False
1000,0,1,15,0.5,1000,8.0,FINITE,2,-750.0,0,False,False
1000,0,1,15,1,1000,4.0,FINITE,2,-500.0,0,False,False
1000,0,1,30,0,1000,,NO_FINITE_BREAK_EVEN,2,-1000.0,0,False,False
1000,0,1,30,0.25,1000,8.0,FINITE,2,-750.0,0,False,False
1000,0,1,30,0.5,1000,4.0,FINITE,2,-500.0,0,False,False
1000,0,1,30,1,1000,2.0,FINITE,2,0.0,0,False,False
1000,0,1,60,0,1000,,NO_FINITE_BREAK_EVEN,2,-1000.0,0,False,False
1000,0,1,60,0.25,1000,4.0,FINITE,2,-500.0,0,False,False
1000,0,1,60,0.5,1000,2.0,FINITE,2,0.0,0,False,False
1000,0,1,60,1,1000,1.0,FINITE,2,1000.0,0,False,False
1000,100,0,15,0,100,,NO_FINITE_BREAK_EVEN,2,-100.0,0,False,False
1000,100,0,15,0.25,100,1.6,FINITE,2,25.0,0,False,False
1000,100,0,15,0.5,100,0.8,FINITE,2,150.0,0,False,False
1000,100,0,15,1,100,0.4,FINITE,2,400.0,0,False,False
1000,100,0,30,0,100,,NO_FINITE_BREAK_EVEN,2,-100.0,0,False,False
1000,100,0,30,0.25,100,0.8,FINITE,2,150.0,0,False,False
1000,100,0,30,0.5,100,0.4,FINITE,2,400.0,0,False,False
1000,100,0,30,1,100,0.2,FINITE,2,900.0,0,False,False
1000,100,0,60,0,100,,NO_FINITE_BREAK_EVEN,2,-100.0,0,False,False
1000,100,0,60,0.25,100,0.4,FINITE,2,400.0,0,False,False
1000,100,0,60,0.5,100,0.2,FINITE,2,900.0,0,False,False
1000,100,0,60,1,100,0.1,FINITE,2,1900.0,0,False,False
1000,100,0.5,15,0,600.0,,NO_FINITE_BREAK_EVEN,2,-600.0,0,False,False
1000,100,0.5,15,0.25,600.0,9.6,FINITE,2,-475.0,0,False,False
1000,100,0.5,15,0.5,600.0,4.8,FINITE,2,-350.0,0,False,False
1000,100,0.5,15,1,600.0,2.4,FINITE,2,-100.0,0,False,False
1000,100,0.5,30,0,600.0,,NO_FINITE_BREAK_EVEN,2,-600.0,0,False,False
1000,100,0.5,30,0.25,600.0,4.8,FINITE,2,-350.0,0,False,False
1000,100,0.5,30,0.5,600.0,2.4,FINITE,2,-100.0,0,False,False
1000,100,0.5,30,1,600.0,1.2,FINITE,2,400.0,0,False,False
1000,100,0.5,60,0,600.0,,NO_FINITE_BREAK_EVEN,2,-600.0,0,False,False
1000,100,0.5,60,0.25,600.0,2.4,FINITE,2,-100.0,0,False,False
1000,100,0.5,60,0.5,600.0,1.2,FINITE,2,400.0,0,False,False
1000,100,0.5,60,1,600.0,0.6,FINITE,2,1400.0,0,False,False
1000,100,1,15,0,1100,,NO_FINITE_BREAK_EVEN,2,-1100.0,0,False,False
1000,100,1,15,0.25,1100,17.6,FINITE,2,-975.0,0,False,False
1000,100,1,15,0.5,1100,8.8,FINITE,2,-850.0,0,False,False
1000,100,1,15,1,1100,4.4,FINITE,2,-600.0,0,False,False
1000,100,1,30,0,1100,,NO_FINITE_BREAK_EVEN,2,-1100.0,0,False,False
1000,100,1,30,0.25,1100,8.8,FINITE,2,-850.0,0,False,False
1000,100,1,30,0.5,1100,4.4,FINITE,2,-600.0,0,False,False
1000,100,1,30,1,1100,2.2,FINITE,2,-100.0,0,False,False
1000,100,1,60,0,1100,,NO_FINITE_BREAK_EVEN,2,-1100.0,0,False,False
1000,100,1,60,0.25,1100,4.4,FINITE,2,-600.0,0,False,False
1000,100,1,60,0.5,1100,2.2,FINITE,2,-100.0,0,False,False
1000,100,1,60,1,1100,1.1,FINITE,2,900.0,0,False,False
