customer_id,ticket_id,product,planned_arm,allocation_status,eligibility_reconfirmation_required,intervention_executed,offer_accepted,setup_success_7d,paid_upgrade_30d,actual_upgrade_contribution,actual_support_cost
CUST01539,5335,Loom,OFFER_INTEGRATION_SETUP_HELP,PREPARED_NOT_EXECUTED,True,False,,,,,
CUST04038,1623,Loom,OFFER_INTEGRATION_SETUP_HELP,PREPARED_NOT_EXECUTED,True,False,,,,,
CUST04143,4736,Loom,EXISTING_SUPPORT,PREPARED_NOT_EXECUTED,True,False,,,,,
CUST00676,6051,Loom,EXISTING_SUPPORT,PREPARED_NOT_EXECUTED,True,False,,,,,
CUST04581,6083,Trello,OFFER_INTEGRATION_SETUP_HELP,PREPARED_NOT_EXECUTED,True,False,,,,,
CUST05418,3696,Trello,OFFER_INTEGRATION_SETUP_HELP,PREPARED_NOT_EXECUTED,True,False,,,,,
CUST04339,1471,Trello,EXISTING_SUPPORT,PREPARED_NOT_EXECUTED,True,False,,,,,
CUST05838,4697,Trello,EXISTING_SUPPORT,PREPARED_NOT_EXECUTED,True,False,,,,,
CUST08034,2475,Bitbucket,OFFER_INTEGRATION_SETUP_HELP,PREPARED_NOT_EXECUTED,True,False,,,,,
CUST07662,3631,Bitbucket,OFFER_INTEGRATION_SETUP_HELP,PREPARED_NOT_EXECUTED,True,False,,,,,
CUST05157,533,Bitbucket,EXISTING_SUPPORT,PREPARED_NOT_EXECUTED,True,False,,,,,
CUST03192,5857,Bitbucket,EXISTING_SUPPORT,PREPARED_NOT_EXECUTED,True,False,,,,,
CUST06020,3401,Confluence,OFFER_INTEGRATION_SETUP_HELP,PREPARED_NOT_EXECUTED,True,False,,,,,
CUST04269,689,Confluence,OFFER_INTEGRATION_SETUP_HELP,PREPARED_NOT_EXECUTED,True,False,,,,,
CUST05198,4030,Confluence,EXISTING_SUPPORT,PREPARED_NOT_EXECUTED,True,False,,,,,
CUST07535,7559,Confluence,EXISTING_SUPPORT,PREPARED_NOT_EXECUTED,True,False,,,,,
CUST02831,3649,Jira,OFFER_INTEGRATION_SETUP_HELP,PREPARED_NOT_EXECUTED,True,False,,,,,
CUST04498,8392,Jira,OFFER_INTEGRATION_SETUP_HELP,PREPARED_NOT_EXECUTED,True,False,,,,,
CUST08166,4347,Jira,EXISTING_SUPPORT,PREPARED_NOT_EXECUTED,True,False,,,,,
CUST04963,2296,Jira,EXISTING_SUPPORT,PREPARED_NOT_EXECUTED,True,False,,,,,
